ID,productId,locationId,StartDate,timeFrameDays,Quantity
4e86031e-4aa3-4c61-a825-7d60b8f23e1e,PART001,LOC-PLANT-001,,7,130
fe2bb8ac-7601-4fe8-be5a-fc30092cefec,PART001,LOC-PLANT-001,,7,470
9527d01b-897c-46cb-b855-3390da0562bb,PART001,LOC-PLANT-001,,7,50
d947b580-eea4-4c0f-89f1-d32a6dd735af,PART001,LOC-PLANT-001,,7,490
a24600a6-ff0b-4dbc-bff5-ce66771fe5f7,PART001,LOC-PLANT-001,,7,260
296b11c7-5fb2-4f33-b938-4aa8d596597e,PART001,LOC-PLANT-001,,7,370
9a8c1f9c-93a1-4011-85dd-d23dac6ef3d7,PART001,LOC-PLANT-001,,7,300
89cc07db-6354-4363-94d7-1d884e3c6c64,PART001,LOC-PLANT-001,,7,220
e7e1009f-856e-43c6-8f23-1667aadf8970,PART001,LOC-PLANT-001,,7,500
96899811-f74e-4ee5-b82e-1b57ed887c84,PART001,LOC-PLANT-002,,30,330
22de4503-179e-47d9-9bb6-548d8a54629f,PART001,LOC-PLANT-002,,30,270
7b7343df-ce62-43e4-8c3e-71629fc31653,PART001,LOC-WARE-003,,1,220
c32f0533-1728-448d-b9a1-ecca5ede4b77,PART001,LOC-WARE-003,,1,460
58127686-f022-4d83-9b0c-73698c2c8634,PART001,LOC-WARE-003,,1,440
8440bcfb-cb74-4cfa-9eee-7093f66eff70,PART001,LOC-WARE-003,,1,50
af37e9c2-4a0d-4ab0-b472-0c3cbd16b816,PART001,LOC-WARE-003,,1,210
d5be1c8d-0fc9-4484-8034-cac3945a157b,PART001,LOC-WARE-003,,1,470
2ab636e2-1374-480b-a59b-277ca1038e11,PART001,LOC-WARE-003,,1,410
98b24070-719e-42e7-9b19-833e591ea566,PART001,LOC-WARE-003,,1,160
7522555e-ab70-4404-b94c-0f0751c61207,PART001,LOC-WARE-003,,1,100
b230a7de-fb4a-4144-a081-b7070655be30,PART001,LOC-WARE-003,,1,390
57dc3f1c-3b28-442b-97d2-dd9d3620f502,PART001,LOC-WARE-003,,1,430
a2df085b-1c64-4477-b73d-e4fcfe99c75e,PART001,LOC-WARE-003,,1,410
999f0c4d-ae53-411d-b697-54aab8ceef50,PART001,LOC-WARE-003,,1,480
a07355bc-296f-4b52-9639-1e118819a272,PART001,LOC-WARE-003,,1,170
166aab0c-7b45-4c74-9816-aa9b26b40e42,PART001,LOC-WARE-003,,1,460
996f6ed2-b1b6-4c7f-98a9-c25335f3360f,PART001,LOC-WARE-003,,1,400
ac8c1306-d636-452b-89bb-9fd20659d23d,PART001,LOC-WARE-003,,1,180
e0b04c44-bb4b-49dc-9d45-5ba89a4ff848,PART001,LOC-WARE-003,,1,140
5b7beb59-8aa1-4790-9c6a-2a64bfd074ab,PART001,LOC-WARE-003,,1,300
9370af3b-9acf-4220-960a-4ce0c03da388,PART001,LOC-WARE-003,,1,480
e41aa45c-597e-40ef-b9b9-412c46ff9c2c,PART001,LOC-WARE-003,,1,490
e6d49ec7-ae24-4f97-9a39-c3377ca16aa7,PART001,LOC-WARE-003,,1,150
edda09dd-df4e-4ada-9353-c753e670dc66,PART001,LOC-WARE-003,,1,360
268347a1-f58d-45d5-a96e-4e4d42b6f2b6,PART001,LOC-WARE-003,,1,490
9b60a25b-c56c-4fb7-808a-13f3a211b476,PART001,LOC-WARE-003,,1,290
1d108a0a-7595-4c74-b424-5015e23f0fc5,PART001,LOC-WARE-003,,1,250
62be6162-d7b7-4276-b0e7-ceb328518021,PART001,LOC-WARE-003,,1,200
cd78ee0e-a8a5-4cd9-a8bc-9ed42b3dc149,PART001,LOC-WARE-003,,1,80
1aaccee8-318b-4c59-952b-04ef2c37cf91,PART001,LOC-WARE-003,,1,160
0d0acea5-a47e-4e0a-91c9-6fc50c560091,PART001,LOC-WARE-003,,1,240
c6d21f75-2c5a-4907-a9a9-23041b6d892b,PART001,LOC-WARE-003,,1,480
8cc6fc56-bc35-4416-a76c-50a45ad1bd2a,PART001,LOC-WARE-003,,1,100
3aebf8f5-0935-49da-8f6c-43434ccb000d,PART001,LOC-WARE-003,,1,70
f91361e5-13a3-46f4-b917-75252eeee21c,PART001,LOC-WARE-003,,1,410
29ca9466-703c-4764-b3bc-e451f91e0f4b,PART001,LOC-WARE-003,,1,330
7789ed43-7d55-48c5-8d07-0020e9fd178a,PART001,LOC-WARE-003,,1,60
d30e671c-b23f-49dd-bbda-a1b3c24f864d,PART001,LOC-WARE-003,,1,280
edfd8957-e0e2-4cff-8aac-02f50d04d548,PART001,LOC-WARE-003,,1,450
3adb6f34-6233-4cb1-9cf8-b4758815f211,PART001,LOC-WARE-003,,1,100
e2b8cf8e-58d8-4713-868b-2a9803d27ab5,PART001,LOC-WARE-003,,1,140
b866d2d5-a5c1-42b4-95c6-d7afa67df1c1,PART001,LOC-WARE-003,,1,70
faa1904f-ede0-4abd-8910-781bf390fcb4,PART001,LOC-WARE-003,,1,150
1e0c3e48-4109-42a7-8934-2d91a54e3446,PART001,LOC-WARE-003,,1,350
db7749d5-a760-4eac-aae2-852e704a1408,PART001,LOC-WARE-003,,1,130
6fd7a09a-f926-4da5-9632-4249384b71e1,PART001,LOC-WARE-003,,1,320
331efe21-f6ee-44af-b15e-e17f421f0a91,PART001,LOC-WARE-003,,1,390
dc007a7f-6efc-48a8-ab83-a95aee2424d8,PART001,LOC-WARE-003,,1,420
303e8cce-e328-44e3-95cb-42f9d7676444,PART001,LOC-WARE-003,,1,330
ce17f7d3-d59d-4fe9-8093-0cbe5ed1c19b,PART001,LOC-WARE-003,,1,350
ad816fa0-d5c4-4067-b31e-e69a9d7cb2dc,PART001,LOC-WARE-003,,1,490
4fcf05af-61ca-4904-b322-59849115aaf9,PART001,LOC-WARE-003,,1,480
299852ab-3e2a-4ab9-a722-e848dbe8b5a2,PART001,LOC-WARE-003,,1,500
c8d56aaa-b605-4e42-aba8-c8b284feb553,PART001,LOC-WARE-003,,1,100
564c2e53-f3d9-4bc0-af6f-93810f171f5c,PART001,LOC-WARE-003,,1,160
ed722b45-d786-4a25-9e5c-45bc20a94337,PART001,LOC-WARE-003,,1,80
db495edd-822f-44f7-a912-83b3d4a901f2,PART001,LOC-WARE-003,,1,140
189dbd26-e47c-459d-a252-b6f4031065a7,PART001,LOC-WARE-003,,1,350
4b00283e-3e83-426f-ba02-b5d2e4b162a0,PART001,LOC-WARE-004,,30,220
edbc1cec-05a9-4341-a53e-d19b63225856,PART001,LOC-WARE-004,,30,250
ecf73855-4b57-4af6-9080-1a3253420014,PART002,LOC-PLANT-001,,7,280
af839614-b25c-442b-be63-4cc9a2d91a8a,PART002,LOC-PLANT-001,,7,230
3817fd79-1738-43dd-a94a-d6fbce366e46,PART002,LOC-PLANT-001,,7,400
a5152671-6a0c-4411-805d-04d716a461e7,PART002,LOC-PLANT-001,,7,220
c37e6011-ced3-471e-ba6e-fff87a9fbe2a,PART002,LOC-PLANT-001,,7,180
d3f3f97f-6aa2-4949-a97c-0d63e6529065,PART002,LOC-PLANT-001,,7,50
8cdbda1a-d049-4e79-95a0-b3bf4ff6fd9e,PART002,LOC-PLANT-001,,7,90
f3e91eb1-22e6-4285-9575-4254acd049ed,PART002,LOC-PLANT-001,,7,470
225ea2a8-dd65-4af1-9bfa-cb165b62ae12,PART002,LOC-PLANT-001,,7,300
f7adcf36-9862-4c8f-858a-2d3f95b545e7,PART002,LOC-PLANT-002,,1,60
9968f774-c456-4961-9405-a0af58ba4330,PART002,LOC-PLANT-002,,1,180
5ef886fb-a40c-4378-8f6c-d8114b53e718,PART002,LOC-PLANT-002,,1,230
29766d15-bc9d-4689-867f-6775c6e7d15e,PART002,LOC-PLANT-002,,1,460
4200cdfd-dc43-4d0a-8a15-1287988429bf,PART002,LOC-PLANT-002,,1,420
0af14d76-672e-4b39-bee0-d879aa942a85,PART002,LOC-PLANT-002,,1,440
8f9dcb7e-87b2-4370-9af4-28631e7eb776,PART002,LOC-PLANT-002,,1,270
446da932-1fa8-4342-984a-d5d98be17026,PART002,LOC-PLANT-002,,1,200
fd79b644-df6d-42b8-908b-d3fcd79938c9,PART002,LOC-PLANT-002,,1,300
3d9cb2f3-9d0e-4195-b427-05a5a824ce72,PART002,LOC-PLANT-002,,1,300
d2939365-9ba2-48a3-a422-23d4d6bf3cb2,PART002,LOC-PLANT-002,,1,430
df79c3ba-3cef-4423-96eb-587a0fc5ed6d,PART002,LOC-PLANT-002,,1,450
7d9a46e4-d5e4-4a02-9d4f-decc46522911,PART002,LOC-PLANT-002,,1,500
ae092eef-49f0-4bcf-ba94-89eb3ffaf79a,PART002,LOC-PLANT-002,,1,250
f479079e-83c4-46cc-a526-ec6b13d649bf,PART002,LOC-PLANT-002,,1,500
1faf58ef-fd42-47e2-9c62-1b3567449f4a,PART002,LOC-PLANT-002,,1,90
671dc4a8-4391-4687-985d-9e676b600350,PART002,LOC-PLANT-002,,1,470
9e8cb2a4-1853-480e-bd4c-e7c5a86b00be,PART002,LOC-PLANT-002,,1,410
0ef2154e-ff28-4092-92d9-a950cefab4f3,PART002,LOC-PLANT-002,,1,260
e693952e-4fff-4ff3-b86e-bb9792a23975,PART002,LOC-PLANT-002,,1,370
b7646040-d6e6-4dd2-81c8-845ead639bd4,PART002,LOC-PLANT-002,,1,270
70de5f0a-f02e-4477-9225-48dced845286,PART002,LOC-PLANT-002,,1,360
57ef9d1e-12cd-4a22-ad2a-1888a95e455d,PART002,LOC-PLANT-002,,1,160
b808c49b-1066-4804-baa7-267ab4b4af2a,PART002,LOC-PLANT-002,,1,440
6e4fa30a-5cfe-4c2b-b495-c8975fa68b7a,PART002,LOC-PLANT-002,,1,190
87465048-9510-46e7-a590-22cf86cbcc4e,PART002,LOC-PLANT-002,,1,340
ebbc296f-3a17-4f9c-a31a-6c29bd65e981,PART002,LOC-PLANT-002,,1,360
d53d06f7-61d8-4b04-b9a2-79ca1561d2b8,PART002,LOC-PLANT-002,,1,480
388be6a2-cb54-4524-875c-dbdeadc7a8db,PART002,LOC-PLANT-002,,1,310
8c7db6e9-6063-457c-ae84-48c05c3e7555,PART002,LOC-PLANT-002,,1,160
2c2294e2-a71c-487d-9b1b-68f42935beba,PART002,LOC-PLANT-002,,1,430
5d7566f0-abb5-4ed3-b128-70a89d93e67f,PART002,LOC-PLANT-002,,1,80
bb747b14-ad6c-460e-a326-dde353039cf9,PART002,LOC-PLANT-002,,1,390
19ac0267-13aa-4847-92f9-18c2720c09ea,PART002,LOC-PLANT-002,,1,400
26e7fb4a-3fb1-4a02-99b2-9732b4b380a1,PART002,LOC-PLANT-002,,1,390
5d074bf9-0db6-47c6-8325-a5996094aec2,PART002,LOC-PLANT-002,,1,480
28da19f6-71f9-4688-bf24-19e58838cadb,PART002,LOC-PLANT-002,,1,490
5a04e968-40b3-4759-b27c-7dc1ddb7dd4a,PART002,LOC-PLANT-002,,1,420
ca57c0cd-005f-48d5-a9e0-d89e0fafe38d,PART002,LOC-PLANT-002,,1,370
8f6afd5d-8b4e-4298-9f26-4f241ea1d8c4,PART002,LOC-PLANT-002,,1,190
0642410e-abf0-4142-a17c-e79d2a3fcd28,PART002,LOC-PLANT-002,,1,300
97426cc5-b851-4496-b15e-cc9514095e84,PART002,LOC-PLANT-002,,1,70
9b0389e4-7a49-45b0-b866-20bf225e4010,PART002,LOC-PLANT-002,,1,390
832af0c9-5cbf-43a5-8da2-21c9120f540b,PART002,LOC-PLANT-002,,1,290
7df8cd68-6b75-4d80-86bf-554d19307152,PART002,LOC-PLANT-002,,1,310
ba8ff2ab-fc64-4cf7-8f3d-f2af2e744c87,PART002,LOC-PLANT-002,,1,490
c214d8de-9427-45b2-b6e4-651404a5708c,PART002,LOC-PLANT-002,,1,390
4709ea52-ac39-4d05-b504-8d93ce7860c5,PART002,LOC-PLANT-002,,1,230
3a7d16a8-3e9c-42cd-811c-92f18195732d,PART002,LOC-PLANT-002,,1,130
44c1b51c-bafb-484a-b3ee-745553fdbf66,PART002,LOC-PLANT-002,,1,300
f7738c0c-aecd-4d3e-b10f-79b67b8563ac,PART002,LOC-PLANT-002,,1,130
70fe829c-006a-4dd4-8401-04f9fdc73041,PART002,LOC-PLANT-002,,1,320
5c4c289e-b2c5-43e9-bf6b-c1332cc16c69,PART002,LOC-PLANT-002,,1,360
76593ee0-6ec1-40fc-ae47-9d7157aec0a7,PART002,LOC-PLANT-002,,1,310
d9038be6-0806-4540-b54e-87de6118f389,PART002,LOC-PLANT-002,,1,430
283c71b4-00d7-4b7a-8dfb-03a9a408bac6,PART002,LOC-PLANT-002,,1,170
e987fb5c-3a08-4853-a5da-60f7dbc58d15,PART002,LOC-PLANT-002,,1,160
30f4d909-89d9-4fdc-9d23-a51a495966a1,PART002,LOC-WARE-003,,7,90
fb6ecd32-ace3-4fb6-ae63-d4ef52cb48f1,PART002,LOC-WARE-003,,7,410
30caed8d-d6ec-4c86-9f3f-71074e235554,PART002,LOC-WARE-003,,7,50
72406405-0692-4380-82c8-ddbcabdbb272,PART002,LOC-WARE-003,,7,460
45b0db4f-8d0e-4bbf-9e42-1b9470aa6411,PART002,LOC-WARE-003,,7,500
30eb0b44-c73b-4fe9-b936-63f0ad1660a0,PART002,LOC-WARE-003,,7,410
f9f5467c-6949-44fc-9e7a-b71a52060b85,PART002,LOC-WARE-003,,7,150
e0cdcda4-0915-4668-9d75-df8e83024658,PART002,LOC-WARE-003,,7,410
222805c9-a3fb-4b32-9542-fbc3157a4a75,PART002,LOC-WARE-003,,7,80
1d48a0e7-32e5-433a-b9bb-2edea0f2eacb,PART002,LOC-WARE-004,,90,470
00797fce-48dc-4d9c-b695-9aabc9c77921,PART003,LOC-PLANT-001,,30,380
4e1d1da9-6eef-4806-804b-877feeea5dc1,PART003,LOC-PLANT-001,,30,490
9a30dfa0-a768-4fc6-b0df-6a0ae7c6c9cc,PART003,LOC-PLANT-002,,90,140
2860d966-b2ba-4290-923d-df248402e230,PART003,LOC-WARE-003,,90,140
723ff4e5-c663-40b7-bc6b-3611478de229,PART003,LOC-WARE-004,,30,260
2b8d4c6d-369c-4121-b349-433c559562e9,PART003,LOC-WARE-004,,30,320
609f468b-8f39-43af-98a5-3b2a902bec27,PART003-1,LOC-PLANT-001,,30,110
c7f246d7-5ed1-438b-a24b-0c78d7bbc073,PART003-1,LOC-PLANT-001,,30,310
238104dc-03e6-456b-b265-20f12cddf06c,PART003-1,LOC-PLANT-002,,7,140
dce1245b-3887-45b2-92ca-97829f955fea,PART003-1,LOC-PLANT-002,,7,490
7ab38e0f-a6f6-4312-a914-9af69e27d5bd,PART003-1,LOC-PLANT-002,,7,460
dfddd0ee-71b9-40d0-ae6b-26ae4eaca64b,PART003-1,LOC-PLANT-002,,7,400
d1170ab7-7eee-4ce2-bd27-e8f940584fa8,PART003-1,LOC-PLANT-002,,7,110
837d7237-df00-4936-85ff-ca0b9cf07944,PART003-1,LOC-PLANT-002,,7,500
600c0b99-819c-4c8d-ab8d-3cdf1246b925,PART003-1,LOC-PLANT-002,,7,320
bb4bcce7-7570-4ba9-b92f-419ac7db7be6,PART003-1,LOC-PLANT-002,,7,420
c7cc8388-8659-4402-b3c7-d50c0ea7bb60,PART003-1,LOC-PLANT-002,,7,430
76d24862-f00b-47f3-8602-bb77caf4117c,PART003-1,LOC-WARE-003,,30,360
9590ac3f-d5b2-4a7c-8b9f-2d525736adbf,PART003-1,LOC-WARE-003,,30,470
850e5102-7957-4d36-875b-29757d9b1fa0,PART003-1,LOC-WARE-004,,90,210
83ddf4b7-a75f-44ce-bcbf-4f04de5eb8ae,PART003-2,LOC-PLANT-001,,7,260
fccd1e04-d6f6-454f-bf05-aa06079311c5,PART003-2,LOC-PLANT-001,,7,370
915eb2f5-15cd-4061-bdb7-1759b47f50cf,PART003-2,LOC-PLANT-001,,7,280
5076a319-ecf4-423f-bfff-3006e3d2c983,PART003-2,LOC-PLANT-001,,7,200
14a75bdc-71db-44a2-9f3f-9aa681ed8060,PART003-2,LOC-PLANT-001,,7,130
eaaceeac-ded9-4491-81fe-78da07a02b81,PART003-2,LOC-PLANT-001,,7,340
f68f5c87-79bb-41c2-be4f-9e5ed392e75d,PART003-2,LOC-PLANT-001,,7,240
6694a35b-3382-4ccb-ae5a-7f1ffe176491,PART003-2,LOC-PLANT-001,,7,500
d985f7b1-9a7a-4628-9ba2-4f1c6721327f,PART003-2,LOC-PLANT-001,,7,470
f026eb34-04c3-400d-891d-977c475c44f2,PART003-2,LOC-PLANT-002,,90,150
ada5baf7-91b1-44d6-bde6-4b8cc93ace8a,PART003-2,LOC-WARE-003,,1,320
c687fbe8-0309-4c58-97dd-fc9828e2fee9,PART003-2,LOC-WARE-003,,1,230
1047c665-518b-4a1a-8473-58447da8db34,PART003-2,LOC-WARE-003,,1,230
b288534c-db4f-4004-ba90-8e7ada7390b9,PART003-2,LOC-WARE-003,,1,400
6ba96124-55be-4003-84e4-1e13309419c0,PART003-2,LOC-WARE-003,,1,470
3fe6de54-80e7-4803-963e-011c5679636b,PART003-2,LOC-WARE-003,,1,90
369be360-3fb2-4905-8c52-eb0e6f12b77c,PART003-2,LOC-WARE-003,,1,240
42f3ca44-be55-4029-b395-affd0c91e961,PART003-2,LOC-WARE-003,,1,320
353b72d2-e82b-49d9-a7d4-5c0ced03b301,PART003-2,LOC-WARE-003,,1,470
b949e7ba-601f-43e4-9869-2c93dbb7cc07,PART003-2,LOC-WARE-003,,1,350
07d8a8b6-20cb-4792-a42c-a42b1a2f37ae,PART003-2,LOC-WARE-003,,1,440
0a2869d2-0cec-4371-9ace-322195bb61fc,PART003-2,LOC-WARE-003,,1,430
342abfbf-9dc2-47f6-81a5-4cf2da8d0a94,PART003-2,LOC-WARE-003,,1,420
96c4c1ea-4f24-41da-9b78-8774ef515e87,PART003-2,LOC-WARE-003,,1,200
d4f57f0e-34fe-4cbf-b754-23c95006bd26,PART003-2,LOC-WARE-003,,1,480
0e113a5b-a884-416e-a68e-bfeeed972ac6,PART003-2,LOC-WARE-003,,1,410
0d9aac67-f2a5-42b4-8702-27b9b1a14808,PART003-2,LOC-WARE-003,,1,230
e51c0249-540b-4ead-a482-6d0c54637c37,PART003-2,LOC-WARE-003,,1,50
c06e5f7f-68c6-4f41-be84-b7faceba0fc5,PART003-2,LOC-WARE-003,,1,320
3f95983d-904b-40fd-9955-e7ae8b960255,PART003-2,LOC-WARE-003,,1,180
803c6b42-f4a7-4d4f-b121-9a5742866848,PART003-2,LOC-WARE-003,,1,360
a27c7b16-2f50-46cc-8990-cc1ef6c0a324,PART003-2,LOC-WARE-003,,1,250
7704ca54-f483-4026-8db4-b53cc4ddca64,PART003-2,LOC-WARE-003,,1,490
9c4d21ab-ac39-4931-a024-7d657d14c53e,PART003-2,LOC-WARE-003,,1,240
6aeb2dd6-3de4-4be8-9d98-c85d6c6c79a3,PART003-2,LOC-WARE-003,,1,350
ddcbddff-ae24-4f15-bd4c-f5c512779c9a,PART003-2,LOC-WARE-003,,1,50
2831d06b-9bd6-4308-aab0-c8cb975fbed1,PART003-2,LOC-WARE-003,,1,460
bd4a0203-fa96-4989-b772-c2e7b96a68a2,PART003-2,LOC-WARE-003,,1,70
ef1f7678-3579-4a22-bad7-04202a3b058b,PART003-2,LOC-WARE-003,,1,150
a60177a7-f9ff-4a00-8d1d-ebfd3e5190b6,PART003-2,LOC-WARE-003,,1,140
19a1923a-7cfb-41ca-9508-832a8a9f24c1,PART003-2,LOC-WARE-003,,1,250
c43d3526-e5fb-4172-8994-18dade883c35,PART003-2,LOC-WARE-003,,1,170
6305d590-218b-40f5-8490-3d0e59f46e67,PART003-2,LOC-WARE-003,,1,160
1360529d-62a3-42d9-8130-661e4f94e332,PART003-2,LOC-WARE-003,,1,440
6832c134-dedc-49fb-9a3e-508339078700,PART003-2,LOC-WARE-003,,1,240
d174be53-260c-48e3-9627-35c1ee704283,PART003-2,LOC-WARE-003,,1,110
7aa89ece-8d46-49e7-926c-9415b70a82fa,PART003-2,LOC-WARE-003,,1,80
453adeac-61d5-4316-8235-5b7bede66118,PART003-2,LOC-WARE-003,,1,450
1dca1314-4537-44be-9fac-9de68de9e921,PART003-2,LOC-WARE-003,,1,220
46cf0f19-5642-4e54-90a3-3e8628c194de,PART003-2,LOC-WARE-003,,1,480
9741f2af-c601-456f-b830-a21f6edcdd26,PART003-2,LOC-WARE-003,,1,280
1538de63-fa47-43fb-82e3-12b3425837b3,PART003-2,LOC-WARE-003,,1,240
9d8b2b59-ffb5-492a-b0dd-8dcd4304ed75,PART003-2,LOC-WARE-003,,1,140
8f383cdd-538b-4a7f-a3a2-3ffe6ad86df0,PART003-2,LOC-WARE-003,,1,130
d1b105b4-36a8-46a2-a962-b0c41d88f025,PART003-2,LOC-WARE-003,,1,310
6e0dfdd2-b986-42f5-8418-a1f7c53851ff,PART003-2,LOC-WARE-003,,1,480
565f53e6-e190-4f2c-8731-59d4069c2aed,PART003-2,LOC-WARE-003,,1,70
7edf5c25-0eb6-4055-99e5-4516ea7bc2a2,PART003-2,LOC-WARE-003,,1,410
dab31149-7ad9-4da1-bd90-7776577d1db1,PART003-2,LOC-WARE-003,,1,270
55281456-6015-41e9-90dc-6f6f5608ea5b,PART003-2,LOC-WARE-003,,1,220
9831169d-2a29-451e-89c9-0a7b5cd8bc16,PART003-2,LOC-WARE-003,,1,250
41839378-cd0b-4c7a-82f9-d984088d4cc9,PART003-2,LOC-WARE-003,,1,70
b1e3db31-79b8-4363-9553-3e337d37c9a5,PART003-2,LOC-WARE-003,,1,400
64cde9c2-cf36-4250-a561-54d5a2078be4,PART003-2,LOC-WARE-003,,1,330
ca23c617-f3c2-45e4-90b6-6c3e0faca61b,PART003-2,LOC-WARE-003,,1,380
31ad72ed-55f6-43e8-98f8-59351e15c451,PART003-2,LOC-WARE-003,,1,440
b20a8e9e-d392-4f02-a57f-7537bd00bca1,PART003-2,LOC-WARE-003,,1,450
87abdbc3-5535-4015-bf46-1b8f433bf2df,PART003-2,LOC-WARE-004,,30,280
12a95c34-f5ae-4c00-b18f-93ba9c7975b2,PART003-2,LOC-WARE-004,,30,460
bc1dbcc8-cb42-41eb-9dc9-4f7c03d0ceb9,PART003-3,LOC-PLANT-001,,30,200
97a5fd7b-be71-4c8f-a4e3-fad9fb2041e5,PART003-3,LOC-PLANT-001,,30,370
05b24d88-024e-4974-a274-f95c484040bc,PART003-3,LOC-PLANT-002,,90,330
4912a78f-01b7-48ef-bf33-f95c12a53afc,PART003-3,LOC-WARE-003,,7,360
3cb02dda-a2f6-457c-a0bf-99c1feb6ead0,PART003-3,LOC-WARE-003,,7,480
ad9d8dda-3513-4553-98ed-c0f8106467c0,PART003-3,LOC-WARE-003,,7,420
c5224e13-78ff-442c-9314-1894af2ebb49,PART003-3,LOC-WARE-003,,7,110
7722c802-d722-44d4-b0be-c1cc5a8493fe,PART003-3,LOC-WARE-003,,7,420
a8f0b400-f236-4542-8717-121724a1ec0e,PART003-3,LOC-WARE-003,,7,190
9acfd2b9-d404-4374-b08b-3199a67c0353,PART003-3,LOC-WARE-003,,7,90
f6897cc1-3cd5-4987-a2cf-a338200763b0,PART003-3,LOC-WARE-003,,7,180
545022bc-4477-4e77-aef4-5469a7232255,PART003-3,LOC-WARE-003,,7,360
3b4312b7-2af8-4d29-9e70-b1f67eb5654b,PART003-3,LOC-WARE-004,,30,90
32fa50d5-31ba-413c-ac37-a6578cbb22c3,PART003-3,LOC-WARE-004,,30,120
29a23ac9-310c-4ad6-9da9-9af353c1af63,PART004,LOC-PLANT-001,,90,280
5dbbb1d5-48b2-44d3-af62-b8f5cdc584a3,PART004,LOC-PLANT-002,,1,260
8b4622b8-b1fb-4730-bbbb-97630c7a786c,PART004,LOC-PLANT-002,,1,120
102cde12-e5ff-4033-871f-f6f4b9207f94,PART004,LOC-PLANT-002,,1,480
01fb4571-ffbb-4230-a399-d25cbca29ad2,PART004,LOC-PLANT-002,,1,360
86fb45f0-3af5-4290-9561-3d0fae9ab748,PART004,LOC-PLANT-002,,1,370
e5a55f0e-de13-4b06-9efc-4d8c07395cee,PART004,LOC-PLANT-002,,1,270
5bde7de4-7568-4f55-ba60-52bef1b33500,PART004,LOC-PLANT-002,,1,90
2dbfde0e-229c-4370-91d7-8e743c870fde,PART004,LOC-PLANT-002,,1,300
8475a530-37bf-4830-98b5-32d1ca32e35b,PART004,LOC-PLANT-002,,1,70
b515a790-09e4-48d1-a537-d227daa392ac,PART004,LOC-PLANT-002,,1,260
f853c688-0f93-4cdb-a9f8-afef86b30fac,PART004,LOC-PLANT-002,,1,310
a30f0719-752f-4aa5-ba4c-d8c4f4c31494,PART004,LOC-PLANT-002,,1,290
6065c677-0213-4e38-92a5-b3af53bc9d2d,PART004,LOC-PLANT-002,,1,440
5c544b43-ea33-4201-aca3-598e9b1fe3e5,PART004,LOC-PLANT-002,,1,470
af94eca4-dbc8-44f3-8400-06918bc5e8bd,PART004,LOC-PLANT-002,,1,290
86f60920-dbb7-49a6-933e-034472395966,PART004,LOC-PLANT-002,,1,490
925999aa-ac5b-451d-919c-c3996be8badb,PART004,LOC-PLANT-002,,1,500
39a36f73-4f10-4a53-80a6-2744b5925fee,PART004,LOC-PLANT-002,,1,130
d44c7ac0-257c-445e-b2a6-7eb9c12b2240,PART004,LOC-PLANT-002,,1,120
f3972f3e-c389-4e21-8ae9-f466e51818f8,PART004,LOC-PLANT-002,,1,440
d41391bc-abbe-48e6-a864-d67a95c06139,PART004,LOC-PLANT-002,,1,280
e2176104-9800-4be9-906b-0bbcc7bc1d5f,PART004,LOC-PLANT-002,,1,210
297d6d3a-a3f8-43a6-aad0-840b2f8a0dbb,PART004,LOC-PLANT-002,,1,50
5575398b-d585-489b-9b4d-f2d76a08d3ab,PART004,LOC-PLANT-002,,1,300
cb04e5ab-2d3d-4934-8278-d82db4549aab,PART004,LOC-PLANT-002,,1,190
c0d0d927-8bb0-455e-90f6-0802f3b5bab0,PART004,LOC-PLANT-002,,1,130
9cd589f1-ab0b-4aa0-b068-c78c5d3b23e6,PART004,LOC-PLANT-002,,1,270
245d5003-8289-46da-b48e-4b655dfbc765,PART004,LOC-PLANT-002,,1,450
e9ffbb34-9ebd-4c84-a351-04d422a7d505,PART004,LOC-PLANT-002,,1,270
d1550887-41b3-45ea-99b0-1195ba7d349b,PART004,LOC-PLANT-002,,1,460
a4b34d1b-4040-4559-9ff8-9480e2fd4364,PART004,LOC-PLANT-002,,1,60
3cb8f8c7-b942-4be4-a632-c13da7b22f5b,PART004,LOC-PLANT-002,,1,290
c1c37c0c-3261-44e6-8fd5-f63cb4c7e6e7,PART004,LOC-PLANT-002,,1,330
4b494363-29cb-49c8-8653-bad28a2b4c43,PART004,LOC-PLANT-002,,1,280
1f44d4b8-1f59-4fec-98ea-74c44538b4c1,PART004,LOC-PLANT-002,,1,290
86e23257-40ce-4fe0-8ac9-708a3866728f,PART004,LOC-PLANT-002,,1,380
7f9064ab-d4c0-44c4-837f-f8c888b109b5,PART004,LOC-PLANT-002,,1,470
0ca8dc66-a4d4-4746-a910-f661d8b31e63,PART004,LOC-PLANT-002,,1,460
3fa6639f-1808-4b7b-84d5-a7d464cc74ef,PART004,LOC-PLANT-002,,1,460
49d464fe-860b-4fac-80e1-4e22c715c642,PART004,LOC-PLANT-002,,1,180
45b2938d-0d32-4011-b0e3-32f55a8967e3,PART004,LOC-PLANT-002,,1,440
400c1802-b0ab-4352-87f7-d7cbd80b45a5,PART004,LOC-PLANT-002,,1,410
bc6a2499-a571-47b2-97c1-87a2f48d70c8,PART004,LOC-PLANT-002,,1,370
099fc81a-70ad-4094-855e-5ffde5c1c99a,PART004,LOC-PLANT-002,,1,140
15918b29-d6e4-4a10-977e-82412978ef0c,PART004,LOC-PLANT-002,,1,270
ee717888-1c2f-4832-a533-166ea743c4e6,PART004,LOC-PLANT-002,,1,100
00fea52b-1bf3-4ffc-94fe-7eef118dfbd4,PART004,LOC-PLANT-002,,1,340
22e86810-6ef2-4ccd-b037-6ffa54537a6e,PART004,LOC-PLANT-002,,1,120
a8d6d18f-9447-46a8-9d4a-2b1068aba04e,PART004,LOC-PLANT-002,,1,140
3d65a52c-e506-4181-a88b-d114bada9b6c,PART004,LOC-PLANT-002,,1,400
b168dc37-9336-498f-844e-54d7e4cd8181,PART004,LOC-PLANT-002,,1,260
273343c3-d3ad-4a48-b594-79a5796b9f19,PART004,LOC-PLANT-002,,1,290
d4cadf4c-cbb9-49ac-a277-f06b8f81a54e,PART004,LOC-PLANT-002,,1,130
d52e53d0-1977-4dca-b45f-5015b5c9924d,PART004,LOC-PLANT-002,,1,280
ba0c4ff7-8206-45ae-8ca5-8e0e404e174d,PART004,LOC-PLANT-002,,1,80
5a57a970-3338-4bb8-91be-8d29285a3b62,PART004,LOC-PLANT-002,,1,280
4b350d6c-4c1b-454a-903e-f26d5f05741f,PART004,LOC-PLANT-002,,1,180
4cbb5606-ca87-4b1d-9660-3cf54adf6d1f,PART004,LOC-WARE-003,,90,110
5a623b78-dec8-4778-a852-aee7a58c7e53,PART004,LOC-WARE-004,,90,50
4b24657c-9117-4b56-b8ef-a95532374d83,PART005,LOC-PLANT-001,,90,400
c801ac10-e3d8-44ec-9d9b-7f47910adbc2,PART005,LOC-PLANT-002,,30,490
d4eebcc2-21bb-45e8-83a5-cf7dfaeefab6,PART005,LOC-PLANT-002,,30,120
47cd1b0d-6024-48d8-8037-601661286f9b,PART005,LOC-WARE-003,,7,270
390aed71-8193-4b5c-b951-930536be42e3,PART005,LOC-WARE-003,,7,470
4692dc8d-7c4d-4031-a791-674bc4e4a467,PART005,LOC-WARE-003,,7,360
0e41fd36-3cb4-41f4-833f-4004fc6bb6e9,PART005,LOC-WARE-003,,7,350
c3cd2121-56ed-4bc0-b21d-851843b86368,PART005,LOC-WARE-003,,7,70
e51a8084-0904-4a07-baa5-73be71f3afbc,PART005,LOC-WARE-003,,7,280
3f5cc159-4af4-4c80-9a75-74a40f3e6d15,PART005,LOC-WARE-003,,7,150
1c074f3f-37eb-4554-9d34-c2076da9c0b4,PART005,LOC-WARE-003,,7,360
fe39cd69-ed29-45e4-8bc0-537600040f7d,PART005,LOC-WARE-003,,7,240
f263a5fb-23e3-411c-8633-ce9c87b73324,PART005,LOC-WARE-004,,30,140
7ef872db-dd11-4a22-af0f-bb8b7b9a3312,PART005,LOC-WARE-004,,30,360
16edce17-3021-41e4-bc26-d065b085ef40,PART006,LOC-PLANT-001,,30,400
e137d9d8-4768-4c91-81be-5138eab4b8f1,PART006,LOC-PLANT-001,,30,240
6344bab9-72bf-4c8a-8028-4db54385a791,PART006,LOC-PLANT-002,,30,210
a509ce13-fc91-4b51-ae46-90d49571e699,PART006,LOC-PLANT-002,,30,370
d715bce0-f14c-4ec5-a96b-d475f07adc98,PART006,LOC-WARE-003,,1,100
0eb3dd7d-374a-4719-99a1-85ac9c7a6472,PART006,LOC-WARE-003,,1,410
010ba8d4-9707-4169-b589-d8bfe2603f52,PART006,LOC-WARE-003,,1,100
9034f7f8-4125-479b-85cd-4156e35c79fc,PART006,LOC-WARE-003,,1,310
52f925b4-4bf6-47b3-af99-afd842a8897e,PART006,LOC-WARE-003,,1,50
b0bc2cd8-06ef-4361-946b-fe85c18500f1,PART006,LOC-WARE-003,,1,70
28fc2fdf-5682-44aa-a415-aeee554776ac,PART006,LOC-WARE-003,,1,320
282a2eb8-e031-46f2-ab5a-fb28e391d14c,PART006,LOC-WARE-003,,1,500
55fc310e-10f2-4ea3-b1b9-69c6afe514f4,PART006,LOC-WARE-003,,1,470
a9e7de41-5283-4fcb-b17c-76b6760821fa,PART006,LOC-WARE-003,,1,250
ade9a40b-07b6-4619-b91c-df7cac0aa777,PART006,LOC-WARE-003,,1,100
8747ffe4-59b7-4286-9dbc-07f6f6b71df6,PART006,LOC-WARE-003,,1,400
bcf59e35-2b87-41b7-bcb6-7969bf7908da,PART006,LOC-WARE-003,,1,100
fc21d10d-5200-4e79-a51b-52600f18b34c,PART006,LOC-WARE-003,,1,160
34ab70af-ac0c-4388-8a0c-c8d4ffeddff0,PART006,LOC-WARE-003,,1,480
bdea32e4-04f7-47c4-b297-5b8ae5037397,PART006,LOC-WARE-003,,1,470
f47ced75-c7f2-4b81-bf64-d9730ab82197,PART006,LOC-WARE-003,,1,410
224b6c82-3577-4576-834c-4355ae02f97d,PART006,LOC-WARE-003,,1,120
330fcfb2-a848-4fc3-b574-44ce496d4e28,PART006,LOC-WARE-003,,1,130
b2e94dff-f915-4246-a550-68432221d19d,PART006,LOC-WARE-003,,1,210
1173a411-c46b-4a71-9aaf-02ccfcfc4449,PART006,LOC-WARE-003,,1,80
20856b6c-7a65-4571-afae-3ee484f8ee49,PART006,LOC-WARE-003,,1,430
9dec54ca-f72f-4e48-8b39-1ef7f041e138,PART006,LOC-WARE-003,,1,180
2ee25430-259a-4122-bed1-52880ffafcf0,PART006,LOC-WARE-003,,1,140
9928fbf4-d33b-4c1a-b16e-6bd5f1474d6d,PART006,LOC-WARE-003,,1,410
c007be49-c8cb-4d1a-aaf0-09f6ad0d71a8,PART006,LOC-WARE-003,,1,410
63c56f5b-500e-4cb0-8fd0-1eeea411e13c,PART006,LOC-WARE-003,,1,460
374a51b1-7c11-4e58-9fa3-ba5131d4a3db,PART006,LOC-WARE-003,,1,350
0d53c555-15c5-4737-ab53-43cd1f4a5bca,PART006,LOC-WARE-003,,1,270
6681f177-524a-4b61-97c2-b53668ebb54b,PART006,LOC-WARE-003,,1,280
496a6eb6-f10c-4de8-978d-23fa537db5f7,PART006,LOC-WARE-003,,1,280
dd023a1f-1c57-49d9-88fd-ab762f55c62b,PART006,LOC-WARE-003,,1,210
2d7c15f5-e507-4a03-8888-c8016a41ce1d,PART006,LOC-WARE-003,,1,60
00e2fa0d-f522-47ff-a61e-25a568894d66,PART006,LOC-WARE-003,,1,340
4c190d18-f66f-4e38-9f8a-acb22d61f565,PART006,LOC-WARE-003,,1,150
3bc3b52c-3f7a-4be2-92da-261e27b9bd71,PART006,LOC-WARE-003,,1,280
d671ca21-53fe-469f-a515-a839217f4f77,PART006,LOC-WARE-003,,1,490
0c6a0313-fdc8-415d-bee3-ce8cb451cd9a,PART006,LOC-WARE-003,,1,170
2bccd5ec-7389-46c8-b056-efbe19ae2aa6,PART006,LOC-WARE-003,,1,400
8b36a6f4-930d-408b-84c7-12b5a3084b22,PART006,LOC-WARE-003,,1,480
f2bc41f2-b270-416a-b629-0acdb4206bbc,PART006,LOC-WARE-003,,1,270
4303c911-634f-45ba-8f27-a9b0134bbdb4,PART006,LOC-WARE-003,,1,150
71e7aee5-ddea-4a5a-bda9-0635a95945c4,PART006,LOC-WARE-003,,1,390
c4b94bc2-8c03-440e-80aa-de29779e0aef,PART006,LOC-WARE-003,,1,380
98418de2-e4c5-4609-a9ba-fe15b50e6331,PART006,LOC-WARE-003,,1,360
0f5787b3-5d0b-47ee-ad0b-b24b6210235b,PART006,LOC-WARE-003,,1,470
cd524aab-0a11-4aca-98cd-77c7994fe14f,PART006,LOC-WARE-003,,1,210
44b8ca55-af74-4c4b-ac1c-623aedf969e4,PART006,LOC-WARE-003,,1,390
39f29a62-3066-4409-a9a6-9c1f224167cd,PART006,LOC-WARE-003,,1,340
e501b80d-1ea1-4be8-bf60-e9db7473d774,PART006,LOC-WARE-003,,1,290
bc50b7db-31e9-407b-8281-15906bf45e55,PART006,LOC-WARE-003,,1,250
05c0db99-f139-453b-8be1-5673fb4fcd14,PART006,LOC-WARE-003,,1,290
2d58997e-d565-4902-8872-e029906b5140,PART006,LOC-WARE-003,,1,90
26bf7791-e9f8-4428-93d9-53babc1b3bc9,PART006,LOC-WARE-003,,1,150
fcfb67ae-c222-438a-979e-b66be98995ef,PART006,LOC-WARE-003,,1,480
c06cb432-4ec6-4cae-b118-c7b0552bec0d,PART006,LOC-WARE-003,,1,430
c864c306-9fee-4009-b8fd-ac7582a7710c,PART006,LOC-WARE-003,,1,450
1a63be58-dfbb-4a0e-a6e1-9455c8c35419,PART006,LOC-WARE-004,,90,270
35f4c187-8ab9-4c96-9bb5-67fd4b2684f0,PROD001,LOC-PLANT-001,,1,460
98eae87a-5fa0-4dcb-8b99-9d0e2d7ebf4d,PROD001,LOC-PLANT-001,,1,170
2f228e4c-8084-4721-8e83-53bf8229eb06,PROD001,LOC-PLANT-001,,1,140
7db8dc55-52d3-44ea-9336-ca9bec38e5d2,PROD001,LOC-PLANT-001,,1,240
48d045ca-0dba-4ac8-90d5-7df6066b8cde,PROD001,LOC-PLANT-001,,1,100
8c394d02-a632-4abe-bb38-96f4f4654859,PROD001,LOC-PLANT-001,,1,460
a5d5e67f-7dee-42d2-b6b3-01b7d753ceeb,PROD001,LOC-PLANT-001,,1,420
2594beef-4178-4d0d-9d27-d1a8ad5b0ab8,PROD001,LOC-PLANT-001,,1,440
4236cc83-560e-4a82-8d63-563776aebe89,PROD001,LOC-PLANT-001,,1,210
e1b060db-fe8c-4104-8be4-20eef811e304,PROD001,LOC-PLANT-001,,1,350
331210e8-f51e-4627-8ef7-935cea5a42cd,PROD001,LOC-PLANT-001,,1,350
5e49b094-a187-4f57-80b9-f250e3434d4d,PROD001,LOC-PLANT-001,,1,310
cf088a25-6da0-448d-8d4c-72328c76d6d0,PROD001,LOC-PLANT-001,,1,50
df8b6582-5fac-4e73-9372-29d383bbcff4,PROD001,LOC-PLANT-001,,1,270
9ae5cf5b-87e2-47b5-9f48-f659a0bb015b,PROD001,LOC-PLANT-001,,1,490
6d2115f2-4164-4ce1-9326-dc3a831ac42b,PROD001,LOC-PLANT-001,,1,290
6f05a81c-7945-497c-a6bf-55ff1cfcbe81,PROD001,LOC-PLANT-001,,1,480
f25352b3-8d37-4eac-8ccf-7934bd2eda54,PROD001,LOC-PLANT-001,,1,390
d58581d4-6a2b-4538-aa1c-12f0abe6f676,PROD001,LOC-PLANT-001,,1,310
66ef908c-621f-44e2-8964-141a5da445a0,PROD001,LOC-PLANT-001,,1,460
84f8a7ae-0960-497b-bf18-7e40252ac7ae,PROD001,LOC-PLANT-001,,1,460
8d8fc81b-8bab-4d08-aa01-ae34f5becad8,PROD001,LOC-PLANT-001,,1,330
8a23cc31-5c12-4212-8b5f-09b60abf0e69,PROD001,LOC-PLANT-001,,1,380
5768b068-8d01-4f0b-9fce-f62e77409dcf,PROD001,LOC-PLANT-001,,1,90
17ac2d6c-fc72-45ff-ac1a-5c5adae63fbb,PROD001,LOC-PLANT-001,,1,320
811ef24d-d2bd-4422-a0a6-5354062f30a9,PROD001,LOC-PLANT-001,,1,90
505acdd8-8d99-4fe0-8019-aaa480a3a919,PROD001,LOC-PLANT-001,,1,190
e857aaf3-7691-44cc-a8b3-cd5424712295,PROD001,LOC-PLANT-001,,1,230
498e1e2f-9047-4685-8594-39e934d93355,PROD001,LOC-PLANT-001,,1,190
13f95460-abeb-4bf6-8c77-40f8a2b5cee9,PROD001,LOC-PLANT-001,,1,470
e76476b2-074a-46b6-b092-12372769c7db,PROD001,LOC-PLANT-001,,1,390
226c8844-92a9-499d-a67c-e9d54a29d706,PROD001,LOC-PLANT-001,,1,100
72624b1f-596d-4024-83de-bb5bed54b8f6,PROD001,LOC-PLANT-001,,1,340
ad7b1bc8-7200-47c8-90c9-bf425feb351a,PROD001,LOC-PLANT-001,,1,160
fac387f3-b5d3-4654-a00a-33746edc2213,PROD001,LOC-PLANT-001,,1,80
65c98004-4204-4765-be63-3bca4e5a6408,PROD001,LOC-PLANT-001,,1,270
cfe99cfc-8e86-4f45-8e8e-ad8bde6a6cba,PROD001,LOC-PLANT-001,,1,480
820f3820-3e04-401a-a4f8-279c8418dba6,PROD001,LOC-PLANT-001,,1,190
35829f29-1af6-41aa-9951-d490eac28c40,PROD001,LOC-PLANT-001,,1,200
284614b3-c3c4-4f8d-8b25-c22582d668b7,PROD001,LOC-PLANT-001,,1,300
04e10257-44d6-49ed-9a33-f04f80fe33d7,PROD001,LOC-PLANT-001,,1,290
71e6d9af-38d9-4fb3-bee6-e5bb1f3643c3,PROD001,LOC-PLANT-001,,1,380
50347d72-071f-4837-b4a3-643e26173f9b,PROD001,LOC-PLANT-001,,1,500
ff9451c7-6650-475e-bbb1-6fcf7ae27871,PROD001,LOC-PLANT-001,,1,150
77108948-35d3-4a83-8d64-5b052b066d3a,PROD001,LOC-PLANT-001,,1,50
4505428c-807d-423a-8de9-a678c68c00fd,PROD001,LOC-PLANT-001,,1,190
23d0357d-92a5-4412-b377-2cbeeb0e7de7,PROD001,LOC-PLANT-001,,1,210
f09b99d7-396e-4716-9d73-4979c1fbfbde,PROD001,LOC-PLANT-001,,1,240
cba7f9b9-19a5-44a3-9324-68ec48a02cd1,PROD001,LOC-PLANT-001,,1,280
5ad64417-37dc-4466-9b28-0c4160c67413,PROD001,LOC-PLANT-001,,1,350
4d239bf5-2aad-4bed-8d61-dc12a2b3c1ad,PROD001,LOC-PLANT-001,,1,370
e9b259fc-6d73-49f2-bf73-d97e714158dd,PROD001,LOC-PLANT-001,,1,240
2e3fa392-d483-4fee-9102-05742b89a4fc,PROD001,LOC-PLANT-001,,1,190
2c488828-a2f5-41b1-a81b-72028ccea3a3,PROD001,LOC-PLANT-001,,1,360
92d9ac36-0b3c-484f-bb34-9129276fec55,PROD001,LOC-PLANT-001,,1,130
edbcde8f-e7b7-4890-b98f-370d40832f54,PROD001,LOC-PLANT-001,,1,380
a127c72b-1901-4fa8-8149-265707acd03b,PROD001,LOC-PLANT-001,,1,330
038f87a7-e56f-41e0-88a7-a12bc7a4a693,PROD001,LOC-PLANT-002,,30,430
16549317-6bac-4c57-8769-01e2a70f2578,PROD001,LOC-PLANT-002,,30,150
bbdaa49b-31db-4da8-965e-b7ac9d83eca5,PROD001,LOC-WARE-003,,30,500
ac06428e-f916-49da-b43e-e7cb3ac7e7ef,PROD001,LOC-WARE-003,,30,280
519d21fc-7a65-4501-8b83-a30042ff6be8,PROD001,LOC-WARE-004,,7,360
46b1770e-75f1-448a-8601-bcf97881d11e,PROD001,LOC-WARE-004,,7,220
29832ddd-025e-42a0-a69c-6b98694ba3db,PROD001,LOC-WARE-004,,7,70
c56b58e4-14ec-45fa-a855-d386ad3b1424,PROD001,LOC-WARE-004,,7,80
77633a7e-346f-4683-9924-e9c8589de449,PROD001,LOC-WARE-004,,7,160
b0d7875b-86c1-454e-8550-cb221f58fcb2,PROD001,LOC-WARE-004,,7,400
c4074745-50fb-4426-ba2b-b0a4c22872c8,PROD001,LOC-WARE-004,,7,360
293df563-c8ea-4aba-817b-3f9355ad1406,PROD001,LOC-WARE-004,,7,420
d19cc539-3032-4e49-8a85-de693ef92f4f,PROD001,LOC-WARE-004,,7,60
fcc7c8fb-206a-4d5a-a78a-9ed2751c1e66,PROD002,LOC-PLANT-001,,30,360
b2d89074-b805-4700-9e87-e6c8a50c7f11,PROD002,LOC-PLANT-001,,30,320
824e851e-ebe0-435b-b5b6-89b55770098b,PROD002,LOC-PLANT-002,,90,140
02d2e1af-3557-4f35-b09d-a78b6ea34077,PROD002,LOC-WARE-003,,30,220
efa47dc9-a3f2-4be0-b400-84b8fbe341cb,PROD002,LOC-WARE-003,,30,200
7cb19303-0e91-4151-8bae-51326cb45d22,PROD002,LOC-WARE-004,,7,210
cd00955a-52fa-4826-bb1a-c23237ddf900,PROD002,LOC-WARE-004,,7,80
a6e19a0e-cfcc-4d2f-b5e8-d8d3e0b11ebf,PROD002,LOC-WARE-004,,7,230
0dda82f8-e4af-4b83-b8f3-7a65bff29699,PROD002,LOC-WARE-004,,7,130
aac4aec9-6277-49d2-b995-f8f96dfbb962,PROD002,LOC-WARE-004,,7,90
38ac3098-0357-423e-b736-e695c6f0a9b4,PROD002,LOC-WARE-004,,7,70
eadabc93-859c-41b6-9548-9f27fa482258,PROD002,LOC-WARE-004,,7,440
02e84325-09dc-4846-a2aa-42ba3a39c436,PROD002,LOC-WARE-004,,7,310
595ea2cd-9817-4da5-923d-07977db9d84d,PROD002,LOC-WARE-004,,7,350
5a5500ae-d13b-4ac6-a4d5-295707341a0a,PROD003,LOC-PLANT-001,,30,160
8f207e76-68ba-4b03-bbf0-13496810fd36,PROD003,LOC-PLANT-001,,30,390
6e346321-f6d0-4ccc-b358-b5b779ed4806,PROD003,LOC-PLANT-002,,1,150
9d0ec0f1-d0fb-46d5-af64-48220bd615cd,PROD003,LOC-PLANT-002,,1,230
f18e6473-a4e8-4a9c-8a74-d9fc2be5880a,PROD003,LOC-PLANT-002,,1,240
7d88ff2b-6971-466e-991c-56b9079a8500,PROD003,LOC-PLANT-002,,1,330
e9a29af6-c9b4-49cf-94d5-cb9031ae7e03,PROD003,LOC-PLANT-002,,1,190
307ced73-800f-4a49-a05d-0b1bc3b7615b,PROD003,LOC-PLANT-002,,1,470
4a7b0161-e47a-440f-b282-2b45df1746f9,PROD003,LOC-PLANT-002,,1,340
b88a6792-39c4-4498-bbdd-ef9a394d1622,PROD003,LOC-PLANT-002,,1,440
07be1c6a-8c0c-4a0d-99d7-c517fd352e72,PROD003,LOC-PLANT-002,,1,380
c2f55ad9-4735-4e0a-8f87-699853392497,PROD003,LOC-PLANT-002,,1,420
c53dc390-0858-462e-95c5-841e978dbc32,PROD003,LOC-PLANT-002,,1,150
c3804ea1-6497-43d4-8e40-701f9d2e3471,PROD003,LOC-PLANT-002,,1,460
44782eda-2a39-434f-b69f-e87990e76b4f,PROD003,LOC-PLANT-002,,1,320
4bc1d838-670c-4589-a7b0-6e90878169d1,PROD003,LOC-PLANT-002,,1,250
c2077412-b23a-4a17-833e-b9d703bbcb38,PROD003,LOC-PLANT-002,,1,60
e287b1de-91d3-4d44-b280-844bf2b24714,PROD003,LOC-PLANT-002,,1,80
d1f593fe-b320-4cba-973f-a483c5f9243f,PROD003,LOC-PLANT-002,,1,280
5182f46d-baa7-475d-ab5d-797c4f6fb45f,PROD003,LOC-PLANT-002,,1,440
11f5a657-a182-422e-89b0-733ae74e5032,PROD003,LOC-PLANT-002,,1,90
7834e18f-12ae-43cc-8554-14468ecbc4c6,PROD003,LOC-PLANT-002,,1,110
14ed4473-389a-4bbe-b989-33617e7d77a8,PROD003,LOC-PLANT-002,,1,240
78a974de-c919-40ac-93f1-e90600f713ae,PROD003,LOC-PLANT-002,,1,490
8eecc618-f3d4-4648-8542-d0c8d24467ae,PROD003,LOC-PLANT-002,,1,490
5ab7f41b-6667-4793-99d9-278c70f458dd,PROD003,LOC-PLANT-002,,1,490
fc5564ff-4746-4e62-a404-ce52be966e07,PROD003,LOC-PLANT-002,,1,120
d3651784-ee06-46dc-9667-82e1f2e95fda,PROD003,LOC-PLANT-002,,1,490
e1c0d981-698a-4648-9094-c055cab580f9,PROD003,LOC-PLANT-002,,1,160
cc667ffe-bdce-405e-9af5-b26b98108e5c,PROD003,LOC-PLANT-002,,1,290
2f46f9ca-9446-4e79-a53e-f5209cfada24,PROD003,LOC-PLANT-002,,1,360
400d502b-84cc-44ba-9864-96857a4150f4,PROD003,LOC-PLANT-002,,1,100
15c1a72b-9856-4395-a222-4ca2ba565fc5,PROD003,LOC-PLANT-002,,1,150
d66c6f79-c038-4129-b529-1b1b702720a8,PROD003,LOC-PLANT-002,,1,150
059f845e-64f1-4193-9a66-e2b6101c5556,PROD003,LOC-PLANT-002,,1,90
37208f30-e143-4f96-bf88-76a4b36a0534,PROD003,LOC-PLANT-002,,1,340
428267e3-c3d2-4964-a27e-21e6e39c92ef,PROD003,LOC-PLANT-002,,1,440
3cdc882b-c69a-4597-8572-a667fb0b0af2,PROD003,LOC-PLANT-002,,1,80
9832d48a-4061-47d0-b11a-2e00e84fe9eb,PROD003,LOC-PLANT-002,,1,350
12bb7a23-884f-4612-aca5-ab23f38e05a6,PROD003,LOC-PLANT-002,,1,180
c4c9f90f-7336-457d-9527-66357d0e400e,PROD003,LOC-PLANT-002,,1,140
eb1267a2-80f4-4e56-b91e-365b600ae5ee,PROD003,LOC-PLANT-002,,1,120
2a4f2ac2-3c04-4227-af19-f60fe332d1f0,PROD003,LOC-PLANT-002,,1,220
55479410-46f0-4a6d-b6aa-4d4d1393437f,PROD003,LOC-PLANT-002,,1,230
af0d41c3-c272-4250-8385-d53f588a1ae0,PROD003,LOC-PLANT-002,,1,220
0076007f-83ae-41b9-8f67-cabc6f57d778,PROD003,LOC-PLANT-002,,1,150
a34f5b93-a24a-4bdd-becd-15c60817c26b,PROD003,LOC-PLANT-002,,1,480
d2b5a44e-5c51-48d1-b51a-96068e34e24f,PROD003,LOC-PLANT-002,,1,500
ab24ab61-32ba-4a93-ad01-bd5dd1c9d770,PROD003,LOC-PLANT-002,,1,420
5b43937c-9d45-4ee8-8c2e-ab2313fecd73,PROD003,LOC-PLANT-002,,1,240
8dcc894a-b26c-4ece-8a03-6b7a8739adf7,PROD003,LOC-PLANT-002,,1,290
4a8860d8-03f6-4696-b4f8-7cb99760cadd,PROD003,LOC-PLANT-002,,1,330
7bac5d0a-c36f-4786-9f6e-2fde4a962152,PROD003,LOC-PLANT-002,,1,250
ed3fe0de-5e43-409d-930a-036b69e96f9d,PROD003,LOC-PLANT-002,,1,220
f970f943-e787-4049-9e72-b1cdc5c4d84d,PROD003,LOC-PLANT-002,,1,90
b496f0fe-c423-4d4f-b8bb-4f3903ae8a1c,PROD003,LOC-PLANT-002,,1,220
c1d0fbd8-d168-456e-9263-8652e3cd8bd2,PROD003,LOC-PLANT-002,,1,400
d99b3381-dc7f-46be-ab2f-71e67b7369e2,PROD003,LOC-PLANT-002,,1,490
8828154e-8ce0-4374-818f-c4583b9f777e,PROD003,LOC-PLANT-002,,1,340
4d54fb8a-c10b-4458-90b5-b07ea145a635,PROD003,LOC-WARE-003,,7,210
8730a4d0-d7c8-4780-ab86-3f83d576dc31,PROD003,LOC-WARE-003,,7,230
7e565047-b8c1-4b70-b071-cd0e1dcb98f8,PROD003,LOC-WARE-003,,7,240
ea8745e4-add3-4910-8bb1-68652d2d18f4,PROD003,LOC-WARE-003,,7,350
520f6e3f-4b64-4522-a220-17b17212b462,PROD003,LOC-WARE-003,,7,490
8f99eb61-4c4e-4339-8c2d-2862b81bce37,PROD003,LOC-WARE-003,,7,200
cf4de1e0-3a55-45a5-8d62-0e04462b189a,PROD003,LOC-WARE-003,,7,120
c80ebccf-e533-490f-b3fd-6bd358582170,PROD003,LOC-WARE-003,,7,470
1dea9d55-dbcd-4180-b774-cd600c556698,PROD003,LOC-WARE-003,,7,500
734af7ba-3391-4aa9-9d5d-c9a7f5dd2ba9,PROD003,LOC-WARE-004,,7,120
58417171-dc5b-4a35-a927-740051c360d4,PROD003,LOC-WARE-004,,7,100
1df0771f-7cc0-477e-8b36-b41775e393a6,PROD003,LOC-WARE-004,,7,380
bd264d33-a01c-4b57-b876-9026bc4dc92d,PROD003,LOC-WARE-004,,7,180
df2ff99d-4f66-4977-a834-582f52662279,PROD003,LOC-WARE-004,,7,450
42a664b6-dfa4-4b02-aedc-0986f4965d4f,PROD003,LOC-WARE-004,,7,230
076a1401-6b0d-43a5-b0b4-f51a14515ff2,PROD003,LOC-WARE-004,,7,110
2a89758c-8b1f-4757-ba2e-465c18d6d6c2,PROD003,LOC-WARE-004,,7,280
ad6e8c9d-eeae-45ab-b84b-e93ae83d4aba,PROD003,LOC-WARE-004,,7,250
c1fa096f-c296-4060-9318-057a6c0a7a3a,PROD004,LOC-PLANT-001,,30,470
3677812a-73a9-4124-be24-ce0269620755,PROD004,LOC-PLANT-001,,30,180
c1edc7f5-b1e7-458e-ac6f-2ffcaf73ab9f,PROD004,LOC-PLANT-002,,90,110
59671aad-ab68-4226-89cb-91e86e48c64c,PROD004,LOC-WARE-003,,30,150
0001e1db-d556-4328-ab23-4d09def3bfd5,PROD004,LOC-WARE-003,,30,290
bae0e468-2d3f-40de-aa92-65323e94bde4,PROD004,LOC-WARE-004,,7,270
23d001b1-8c8b-4727-9718-ea49ddb30b6a,PROD004,LOC-WARE-004,,7,470
86c454cf-41b5-4e49-a7ae-8835ac9f8821,PROD004,LOC-WARE-004,,7,470
66c68121-0a53-4f14-9cd8-ec74a8b5b5e0,PROD004,LOC-WARE-004,,7,80
958ab88b-7404-4109-897e-7b4258126fb6,PROD004,LOC-WARE-004,,7,220
3b709ac9-f1f8-4881-92fb-83f59c3bfd03,PROD004,LOC-WARE-004,,7,250
2b24fb2d-e5c1-4b23-8c96-acdce692a48d,PROD004,LOC-WARE-004,,7,420
36cd2ac9-31fb-4cc5-86d2-010fe58c6786,PROD004,LOC-WARE-004,,7,420
f5035fcc-820a-4e10-a422-7a6e023ddd34,PROD004,LOC-WARE-004,,7,220
0bb9712b-095c-43b4-8888-fa64577e832d,PROD005,LOC-PLANT-001,,90,320
1b1e788e-6fc3-4735-a82f-a98870f6a908,PROD005,LOC-PLANT-002,,1,230
6c176d06-6013-4170-9980-19467d7a206b,PROD005,LOC-PLANT-002,,1,470
0d579121-e2fb-457d-b7d4-49a0807db326,PROD005,LOC-PLANT-002,,1,310
ff60ca77-5bb2-4289-8d2d-e54543f70aaf,PROD005,LOC-PLANT-002,,1,70
7056c6a7-f48c-4927-992a-aff9aabb92eb,PROD005,LOC-PLANT-002,,1,450
b96c9fa8-6c88-4082-b3cd-9954c1da9221,PROD005,LOC-PLANT-002,,1,170
72801249-613e-4226-94a7-3d7b32beb1df,PROD005,LOC-PLANT-002,,1,200
842816c7-cf4a-4e84-9a98-e77d82d47dc6,PROD005,LOC-PLANT-002,,1,410
3ba15e1c-e69a-4670-bd96-0d0a64eadf07,PROD005,LOC-PLANT-002,,1,120
90074a07-119b-471a-a0f6-ab4411d83c68,PROD005,LOC-PLANT-002,,1,430
a791dea0-e29c-48c4-86eb-56311fadf16f,PROD005,LOC-PLANT-002,,1,140
361bcaf4-89cf-4393-a1c1-655b35df7096,PROD005,LOC-PLANT-002,,1,440
65e8fcae-acb8-47ee-994d-e201f4b161e6,PROD005,LOC-PLANT-002,,1,300
806ae72a-2b37-45a1-b288-0f6a560b99ed,PROD005,LOC-PLANT-002,,1,60
1e07963f-fe1a-46df-b6a7-324c293b41ed,PROD005,LOC-PLANT-002,,1,160
5ceda3dd-4fed-44b9-bc4b-9cadf3e9514e,PROD005,LOC-PLANT-002,,1,60
c31ad76f-e513-46d2-81d0-44f9264f3f5c,PROD005,LOC-PLANT-002,,1,210
87c3b062-977b-40cb-944b-7e9d2710a9c6,PROD005,LOC-PLANT-002,,1,250
4845a017-89ae-4325-8b6c-6eae6559602f,PROD005,LOC-PLANT-002,,1,350
b575b96e-19fe-4068-8b6d-c8853e46deed,PROD005,LOC-PLANT-002,,1,330
4593fef6-38ac-465c-a39f-80a4ee133589,PROD005,LOC-PLANT-002,,1,240
8eaf2298-ade6-4d70-a139-dcf7a1f6f47a,PROD005,LOC-PLANT-002,,1,340
d4579f46-b717-4de4-97ed-bdd41fc5a16d,PROD005,LOC-PLANT-002,,1,130
43954ab4-5d97-44cd-ad7f-1323b2297bc6,PROD005,LOC-PLANT-002,,1,480
eb99ccd3-97f7-46dc-b335-5c6f74f911c9,PROD005,LOC-PLANT-002,,1,280
69f1079f-6137-41d3-bd0c-788dbeee72ac,PROD005,LOC-PLANT-002,,1,450
9610f3e8-9591-4403-a59f-252d8de4ba89,PROD005,LOC-PLANT-002,,1,60
196636ac-8853-49d5-8039-e37346c5e136,PROD005,LOC-PLANT-002,,1,240
3859a0d8-f10c-46df-8b6a-aa380a7a9b9c,PROD005,LOC-PLANT-002,,1,260
496b08ae-1319-4ad2-851c-2b084888facf,PROD005,LOC-PLANT-002,,1,50
f2d0a2e1-81ef-436b-a46f-7673e97c80ef,PROD005,LOC-PLANT-002,,1,110
4b43bede-851b-4acf-8dea-03e671366821,PROD005,LOC-PLANT-002,,1,500
0b3b9852-3c07-473b-964a-881638d6b051,PROD005,LOC-PLANT-002,,1,110
ffc6004e-a56c-4b71-a35c-cc00da23ea5f,PROD005,LOC-PLANT-002,,1,280
bc01a51d-c8d2-4037-bc18-df5d49a3a9ad,PROD005,LOC-PLANT-002,,1,60
6e84749a-c80f-432e-a5e5-b13bd8143d5e,PROD005,LOC-PLANT-002,,1,330
a9764581-a152-4544-8f6e-9247a54874d4,PROD005,LOC-PLANT-002,,1,230
2e1486ed-9eb6-462e-8999-f45d3e3a24ff,PROD005,LOC-PLANT-002,,1,210
9ede32ba-0cdd-48ae-80bf-7cdeb76082ae,PROD005,LOC-PLANT-002,,1,90
93f593fd-f342-4628-9fe9-b1b0c01523b4,PROD005,LOC-PLANT-002,,1,350
ad0959b6-32ce-45b2-afeb-840d470730c7,PROD005,LOC-PLANT-002,,1,150
454a2dee-4ed3-42ea-8d4e-1df3cc0ad4dd,PROD005,LOC-PLANT-002,,1,210
a883b48c-514e-43e2-a3e1-ea9a8cb44ef8,PROD005,LOC-PLANT-002,,1,90
68465e89-767e-45d7-b790-bc7a08ab0882,PROD005,LOC-PLANT-002,,1,470
e32b83d1-f44a-48f6-9856-f22601e115d1,PROD005,LOC-PLANT-002,,1,60
1aa1a454-2388-4264-a7fa-b048ee600230,PROD005,LOC-PLANT-002,,1,200
cc420c4d-7dc4-4b57-bb6e-72c9054419a8,PROD005,LOC-PLANT-002,,1,300
595453a3-7d58-490c-a138-335233d1d2bc,PROD005,LOC-PLANT-002,,1,280
1db34f7c-5a4c-4316-8dc8-14274db9e39f,PROD005,LOC-PLANT-002,,1,430
851f1dd6-66f9-4390-996d-b0dfbb6040bf,PROD005,LOC-PLANT-002,,1,450
2280372e-e268-4504-8498-ed73a1117525,PROD005,LOC-PLANT-002,,1,460
7d6e4888-fdfd-4b4b-80c9-d892550aff4a,PROD005,LOC-PLANT-002,,1,160
1ae61f93-8030-48a7-9db8-b42b5dd68e85,PROD005,LOC-PLANT-002,,1,100
6e6d5f32-1a72-471f-83eb-f93e3d0a0352,PROD005,LOC-PLANT-002,,1,250
d8e3138e-95ad-4e2b-ae3f-5076156713c0,PROD005,LOC-PLANT-002,,1,310
51aa83d1-a367-48e3-9c15-eff96ade4b8c,PROD005,LOC-PLANT-002,,1,190
14de8322-cbbd-4501-b8aa-51f2c7c5520f,PROD005,LOC-PLANT-002,,1,260
b1d18f09-8f8d-431d-8aa6-208d8f4e1352,PROD005,LOC-WARE-003,,1,160
a24af6e4-ccc7-40b8-9a70-4b29d4a83e05,PROD005,LOC-WARE-003,,1,310
3852f43a-6a8b-4cb6-b1ae-4b52ed4a62ea,PROD005,LOC-WARE-003,,1,200
32f4161b-5e6b-47bb-8a85-08a55e6fd227,PROD005,LOC-WARE-003,,1,300
7d708cee-dbc2-49b5-a45e-bafc9b2ff4c8,PROD005,LOC-WARE-003,,1,100
311ba7c2-c28d-4139-95a8-94d10d372bff,PROD005,LOC-WARE-003,,1,260
8631c794-c98c-41ea-84c1-27b70ad6181c,PROD005,LOC-WARE-003,,1,290
5fb686f0-a860-4207-ab91-e96bfac44676,PROD005,LOC-WARE-003,,1,230
5b3db7e9-bd80-4761-b0c8-e0699d2ebf4d,PROD005,LOC-WARE-003,,1,330
310abb38-2fe9-4ec3-ac4c-51d2a6c920ed,PROD005,LOC-WARE-003,,1,400
1a46bcf1-7607-4f31-a28a-e17afa8b9402,PROD005,LOC-WARE-003,,1,90
9084fa28-2d2a-4130-91a8-581619f8c961,PROD005,LOC-WARE-003,,1,350
490174c7-49d5-4ac1-b93d-2cd7a24542b2,PROD005,LOC-WARE-003,,1,390
407c5a74-fa3f-4634-8807-92ad5c5bcb17,PROD005,LOC-WARE-003,,1,290
b75b4fe8-2d51-4257-8dfe-7acd35edba72,PROD005,LOC-WARE-003,,1,70
bb830904-5b0d-4236-9cc0-c79a7029e0bd,PROD005,LOC-WARE-003,,1,140
f2842583-7413-40ca-a88c-5cc8ca5d5d7e,PROD005,LOC-WARE-003,,1,270
30189497-48f6-4f01-a4c8-298561a19f1e,PROD005,LOC-WARE-003,,1,110
95becfd2-e515-45d2-bb2b-4513aa92f3c2,PROD005,LOC-WARE-003,,1,360
554c5f04-7121-404d-b282-e2c3e4522153,PROD005,LOC-WARE-003,,1,60
0d41bf30-3298-4d1f-9915-d34000707b48,PROD005,LOC-WARE-003,,1,280
243ef113-bd40-4948-9146-eb5394eb798e,PROD005,LOC-WARE-003,,1,320
590b09d1-51bd-45e4-9bf2-7d686622d2ad,PROD005,LOC-WARE-003,,1,50
c7d61ade-c54f-4fdb-b71c-52a0e131c000,PROD005,LOC-WARE-003,,1,420
0d4b7c04-4e25-4f35-9646-2de92d855040,PROD005,LOC-WARE-003,,1,490
5a5f6852-486d-4cc9-a7f2-013318b01074,PROD005,LOC-WARE-003,,1,470
474b0476-0be1-445a-a647-566774efae2e,PROD005,LOC-WARE-003,,1,220
7dc0fb29-7e10-4d95-b99b-b99812f37c9d,PROD005,LOC-WARE-003,,1,260
17ab8e2c-95c2-4454-850b-a30d71bb1348,PROD005,LOC-WARE-003,,1,420
a19b1e66-a2bf-48c3-944f-df17508c66e9,PROD005,LOC-WARE-003,,1,350
0e644221-94bf-4dbb-b2b5-392e48ff59c0,PROD005,LOC-WARE-003,,1,120
7c023eca-9c50-447e-87fd-3b02b0982578,PROD005,LOC-WARE-003,,1,380
1fc1aec8-9179-4c38-9353-2bf05076eaea,PROD005,LOC-WARE-003,,1,350
9c7afa4f-eb8f-4276-83d8-4483cc6d4ab9,PROD005,LOC-WARE-003,,1,210
254a8750-2f3b-4021-af9a-d197672a5f78,PROD005,LOC-WARE-003,,1,170
4f62e987-e7bd-4cd9-8dff-411099452504,PROD005,LOC-WARE-003,,1,210
99767dcc-b186-4992-b901-16f8948fbe17,PROD005,LOC-WARE-003,,1,280
63865070-fa8b-4d11-b0a9-793d84873b29,PROD005,LOC-WARE-003,,1,140
32eba889-3b23-4b94-b307-353ce94c18bd,PROD005,LOC-WARE-003,,1,190
92674b7d-ac6b-46a0-bab1-70b445d8fe6c,PROD005,LOC-WARE-003,,1,120
a99dfd3e-6583-4d5d-8c43-9661b6130e82,PROD005,LOC-WARE-003,,1,250
87fcdc4d-0c10-4f79-bb70-ceee798d28dc,PROD005,LOC-WARE-003,,1,340
4795536c-ccbb-46bf-a453-991556884734,PROD005,LOC-WARE-003,,1,460
9f1b0b2b-e596-47f6-81c3-d266541ce355,PROD005,LOC-WARE-003,,1,200
12bb128a-bb8a-4392-90ec-24ea3d759a19,PROD005,LOC-WARE-003,,1,270
f2879441-17af-4ab1-9f82-dc08c751a20b,PROD005,LOC-WARE-003,,1,250
a7e8e47e-a948-4f80-a856-1822bc097cdc,PROD005,LOC-WARE-003,,1,350
b338dbbb-27c1-42c0-8031-eb3309bfd507,PROD005,LOC-WARE-003,,1,50
f975a5d1-fda6-480d-992d-59c54adea1c9,PROD005,LOC-WARE-003,,1,320
54ce6ece-e5e7-4865-8ff5-6477e29bb7e6,PROD005,LOC-WARE-003,,1,260
85b35c4c-fd9d-4546-862d-cc181e74d8d0,PROD005,LOC-WARE-003,,1,460
a60c7688-176e-4668-90db-32b4a4d6ffa2,PROD005,LOC-WARE-003,,1,470
e0669b6b-acb3-462d-920c-3b6239238f01,PROD005,LOC-WARE-003,,1,430
d9960b43-fd5b-45f1-a1c5-0a19ad6bb5f1,PROD005,LOC-WARE-003,,1,240
9a8cd423-ae57-455b-819b-a760bcb8d43f,PROD005,LOC-WARE-003,,1,200
f2f7a5a6-5bcf-4fdf-b89d-b4aa8da03e19,PROD005,LOC-WARE-003,,1,80
1a509f3f-7272-4106-9fe0-56ee9bbafa2e,PROD005,LOC-WARE-003,,1,330
f4a24fbd-6629-40b8-b274-5e76d3c1b467,PROD005,LOC-WARE-004,,1,490
d1d4b677-1b41-47b3-93d7-29a1d10868ba,PROD005,LOC-WARE-004,,1,440
acd77c84-deaa-4a09-bf91-943edb4be5e9,PROD005,LOC-WARE-004,,1,500
f073c939-6332-4cb1-95e0-b426ab2f709d,PROD005,LOC-WARE-004,,1,230
62afddbd-86c4-41a0-827f-8494a8419e01,PROD005,LOC-WARE-004,,1,160
39f58e70-142f-4aff-9e2a-de8e8e8c67df,PROD005,LOC-WARE-004,,1,100
aa8cf46e-95a5-49d3-9fb3-c7981ad65cca,PROD005,LOC-WARE-004,,1,280
107fe915-e829-4099-994c-353885a10cfd,PROD005,LOC-WARE-004,,1,70
761cde72-79d4-4742-89d5-644ef3cf6cc4,PROD005,LOC-WARE-004,,1,330
2a770444-673a-47d8-bb14-7ac8f633f6d0,PROD005,LOC-WARE-004,,1,500
981c7153-5009-454f-afb7-91a87ae93d30,PROD005,LOC-WARE-004,,1,170
eb85abab-5f0e-438e-bdf7-18a9556c3af1,PROD005,LOC-WARE-004,,1,400
975f625d-00e1-4a8e-9929-6bf9c28e0876,PROD005,LOC-WARE-004,,1,90
8fa32b73-a8f9-43f3-a824-98a897de1e24,PROD005,LOC-WARE-004,,1,90
3a84e63e-8d5c-4793-ae57-683ad2edfb21,PROD005,LOC-WARE-004,,1,300
9f1773a0-3224-48c9-8767-d667de996a5c,PROD005,LOC-WARE-004,,1,230
00e5f554-ef4d-4c90-8a40-9f74224a16f5,PROD005,LOC-WARE-004,,1,480
3ce7a34f-740e-4c10-abe0-efb75d0ed44c,PROD005,LOC-WARE-004,,1,370
750a86d4-b007-4a2d-b253-7ccc46eacb37,PROD005,LOC-WARE-004,,1,180
5045d424-73f3-4bd6-800a-592a02b0affc,PROD005,LOC-WARE-004,,1,490
e2d849fc-100a-4de0-9aa9-b0bc97234501,PROD005,LOC-WARE-004,,1,160
eb918398-c4be-4369-89e2-16b0a8ab2a78,PROD005,LOC-WARE-004,,1,170
02ac4353-d23f-4290-9ca1-6111f7cd6eba,PROD005,LOC-WARE-004,,1,230
c59abf0e-cdec-4de2-b596-ebcb50385353,PROD005,LOC-WARE-004,,1,140
7f31d97b-de4c-4a45-ad63-7c9f1b9ab856,PROD005,LOC-WARE-004,,1,440
9a5c81a0-3539-4ee8-a78e-d42aa8746c10,PROD005,LOC-WARE-004,,1,210
4d74dcd5-c6ed-4cce-ab9f-7ab8d39d7625,PROD005,LOC-WARE-004,,1,150
8bd43182-e807-452e-a14e-5dceaeef9ecf,PROD005,LOC-WARE-004,,1,320
e5df54b5-e862-41e6-a06c-c84cd9ac0cea,PROD005,LOC-WARE-004,,1,100
69f0a481-9a0b-4df6-b684-ea7b4f0638b8,PROD005,LOC-WARE-004,,1,140
19b650e3-32ee-406d-a938-5636db3246d8,PROD005,LOC-WARE-004,,1,330
4b1e0dea-d7ed-4108-bc57-bd77782d3350,PROD005,LOC-WARE-004,,1,140
4a1af77c-81a9-4ca5-8c77-8ae4993cf5fd,PROD005,LOC-WARE-004,,1,420
8b3e5045-b554-4110-890a-dc21dd02d792,PROD005,LOC-WARE-004,,1,50
a403a9f6-2aa7-4118-858a-fc52b46133c8,PROD005,LOC-WARE-004,,1,140
b52706d3-d949-492f-a663-122ab6030758,PROD005,LOC-WARE-004,,1,480
add2b8b7-b281-4e8f-8e64-18001d2e418f,PROD005,LOC-WARE-004,,1,300
f59e7ad2-2e8e-4e9b-8b00-4fa08fb48cd4,PROD005,LOC-WARE-004,,1,160
6b9c7a26-4017-4a77-885c-b85969336d00,PROD005,LOC-WARE-004,,1,370
bcac08ec-bb29-44c7-a6bc-c11802d1006f,PROD005,LOC-WARE-004,,1,140
647b0a1f-e44e-458c-8bbe-517da1a83cd4,PROD005,LOC-WARE-004,,1,370
879fcffe-44d5-4cf5-a34a-aacbef4fa99c,PROD005,LOC-WARE-004,,1,130
4630a688-888c-45e6-9ddd-e4b0a574067a,PROD005,LOC-WARE-004,,1,500
1e402623-97a9-4a5f-a5d7-51f50975e757,PROD005,LOC-WARE-004,,1,410
b92a2893-1cd3-4ec7-bf14-431cee820a57,PROD005,LOC-WARE-004,,1,440
dcdff68d-d95c-4eb7-9894-1a3daa4ea936,PROD005,LOC-WARE-004,,1,440
343b1ab6-3267-4878-ad77-764d3665bf5e,PROD005,LOC-WARE-004,,1,80
991cad4a-8348-47f1-9f09-5d4def920005,PROD005,LOC-WARE-004,,1,420
3c7da65a-1fb2-4a54-be89-316dee490d83,PROD005,LOC-WARE-004,,1,390
bb7653df-01c0-445c-bc62-495c51ad4849,PROD005,LOC-WARE-004,,1,270
ecfbe6f4-ce6b-4f58-bccc-68aa4faae477,PROD005,LOC-WARE-004,,1,270
37e895a3-f283-42d6-b78d-c3d1f86960e9,PROD005,LOC-WARE-004,,1,140
ef36c313-f477-4790-873e-c2b0182355da,PROD005,LOC-WARE-004,,1,210
16cd1686-076f-411d-bda2-ac891f16422c,PROD005,LOC-WARE-004,,1,290
23362557-03c8-4e92-bb67-8ce4eb90b916,PROD005,LOC-WARE-004,,1,60
8047d597-0a3d-4790-845a-412d16b1a7bd,PROD005,LOC-WARE-004,,1,100
a346a7de-bb20-41b4-abbe-df36acf9e988,PROD005,LOC-WARE-004,,1,450
a1c940ac-9c1c-4d71-a658-efa99844712a,PROD006,LOC-PLANT-001,,90,280
2081a243-b8f4-4105-bba2-dbe084a831ad,PROD006,LOC-PLANT-002,,90,80
ccfdac9e-498c-440e-a18e-fb74876039e5,PROD006,LOC-WARE-003,,90,420
9a42f729-1be6-414d-8666-c34180f706ef,PROD006,LOC-WARE-004,,7,280
09f73d56-c784-4912-a1df-0937b4b41105,PROD006,LOC-WARE-004,,7,240
a3b3b2d4-392b-4d39-8280-a6afdc95e4d5,PROD006,LOC-WARE-004,,7,400
71f25b28-9c07-46ac-bcab-3062524dedd8,PROD006,LOC-WARE-004,,7,440
fec7960f-5ee7-4875-9203-c077c70c9134,PROD006,LOC-WARE-004,,7,110
3cebdf53-03ea-40a9-b45b-5da39db86faa,PROD006,LOC-WARE-004,,7,360
2dccfe21-b49e-48c8-bb7d-941d5e413e72,PROD006,LOC-WARE-004,,7,480
a1c3dc04-5848-4b35-a6a6-ea5cb0e77f9c,PROD006,LOC-WARE-004,,7,360
4d08ac8d-cda4-40dc-9a60-907ceb455260,PROD006,LOC-WARE-004,,7,420
3337076e-6c42-4147-a9f3-a3285e8e04ff,PROD007,LOC-PLANT-001,,7,340
71b6ea5b-a0cd-4fdf-895f-84ac1bce80b7,PROD007,LOC-PLANT-001,,7,90
4c2269d5-8352-4fb9-a717-461c262eac04,PROD007,LOC-PLANT-001,,7,330
54e799bc-12a3-4f90-b679-33104846dbce,PROD007,LOC-PLANT-001,,7,310
b9760290-a113-48d5-8790-24d340d6d34a,PROD007,LOC-PLANT-001,,7,250
48b3e6b9-36c1-4914-accc-2aa1a8e72bb3,PROD007,LOC-PLANT-001,,7,310
5bd1ff9f-be2b-40ae-b5ec-8a43475d8017,PROD007,LOC-PLANT-001,,7,190
433063cd-42fc-4fdd-9ae9-06e00892f0ca,PROD007,LOC-PLANT-001,,7,360
30eb8696-ec7f-42b6-83b0-bc6d259710be,PROD007,LOC-PLANT-001,,7,100
c84d282d-6011-450e-8170-a516cf38c6a3,PROD007,LOC-PLANT-002,,90,270
33e7eb69-f9da-44f8-a6e7-ef4fffe764fb,PROD007,LOC-WARE-003,,7,220
7129baae-f25f-47b6-b8cc-0f78fbf7d641,PROD007,LOC-WARE-003,,7,390
3ae9a67b-afd8-45e8-878f-b4df56aad055,PROD007,LOC-WARE-003,,7,440
ec2ca8e2-fca7-4a57-b614-aa92c9aea493,PROD007,LOC-WARE-003,,7,480
ed37b8c1-9d63-4dd5-ba07-90062c1c6c0d,PROD007,LOC-WARE-003,,7,400
aca87122-65a9-4619-a73b-30a83cb9fed2,PROD007,LOC-WARE-003,,7,120
61fcf7cd-71b2-422c-a008-350932722497,PROD007,LOC-WARE-003,,7,50
bc5ab504-a0d1-4574-a1d2-0940bffed1b2,PROD007,LOC-WARE-003,,7,410
1edbf622-5eda-4017-898c-9d77673e85e3,PROD007,LOC-WARE-003,,7,80
b456540a-f4ac-4f65-85d9-62b8e24b3782,PROD007,LOC-WARE-004,,1,260
ce47ec3a-7b9b-4470-b24e-2718f8e071df,PROD007,LOC-WARE-004,,1,470
1edffb60-8bf4-4513-8a5f-4ca8fc2ffb0c,PROD007,LOC-WARE-004,,1,390
13f378f2-f2cd-4a3c-b32b-d2223caa67a5,PROD007,LOC-WARE-004,,1,410
d2e84db3-295c-4a9f-a8be-ada3f6be3bd1,PROD007,LOC-WARE-004,,1,130
efb4bcfb-8765-4512-a56a-c2e860a1309a,PROD007,LOC-WARE-004,,1,190
ef648b7e-106f-49c7-8066-4d63e06d29f1,PROD007,LOC-WARE-004,,1,140
8b01b8cc-7023-4b17-9a11-ebea611542b2,PROD007,LOC-WARE-004,,1,180
10735352-8642-41f0-aaf9-2a38f3f64f47,PROD007,LOC-WARE-004,,1,470
dd3c2d0d-6d55-4f56-8340-86e6d97f965c,PROD007,LOC-WARE-004,,1,420
6e4bc8ee-2661-472e-aee0-eba79e181658,PROD007,LOC-WARE-004,,1,420
37cb4f43-6bde-42a6-bb21-cd8f01015426,PROD007,LOC-WARE-004,,1,290
182e1ca6-e860-405f-855f-90fa08baab60,PROD007,LOC-WARE-004,,1,210
b26bf253-ca50-45fb-aa1d-e95921cbaf9a,PROD007,LOC-WARE-004,,1,70
ecabbc8d-552e-4f97-8aa3-09619f972cd4,PROD007,LOC-WARE-004,,1,330
162d2d54-040f-4ad5-8675-c4682b0a23ef,PROD007,LOC-WARE-004,,1,450
fac372c8-e828-4488-b1e8-d626490e9333,PROD007,LOC-WARE-004,,1,310
47853839-d868-4d14-aeba-650eb1ce9f25,PROD007,LOC-WARE-004,,1,140
7623db1c-69d6-48a8-9e57-af3c1d1d5517,PROD007,LOC-WARE-004,,1,240
1b37a366-6a70-4768-b3d4-7f6aba94842a,PROD007,LOC-WARE-004,,1,330
0c5deea8-5491-4b9a-9fc9-fca87392a911,PROD007,LOC-WARE-004,,1,130
27448609-0c3e-4509-81c4-9e169ec8942a,PROD007,LOC-WARE-004,,1,100
a5df14a9-7e6d-411c-a835-e56580fad40c,PROD007,LOC-WARE-004,,1,380
cba4460c-a999-414a-8d85-f4d898c00fde,PROD007,LOC-WARE-004,,1,110
a09ffbb8-e57b-4e91-840d-4667e31d7bfb,PROD007,LOC-WARE-004,,1,230
4c7b632d-4e36-477a-955c-772dc5a373d8,PROD007,LOC-WARE-004,,1,420
e36f0a6b-bcf8-4e41-97b9-ddbe40fba433,PROD007,LOC-WARE-004,,1,360
62ff4f3a-e061-4896-90ba-d832f88494a3,PROD007,LOC-WARE-004,,1,80
b06cf354-4600-4411-8d25-e9af8aab2964,PROD007,LOC-WARE-004,,1,120
8a553b7c-4559-434e-83dc-b3c42856a7da,PROD007,LOC-WARE-004,,1,110
d7332596-f9a1-4bad-a22a-e6e6d27538f4,PROD007,LOC-WARE-004,,1,190
a77d49f8-491e-4ff0-998f-a9d52cc82a19,PROD007,LOC-WARE-004,,1,330
66279c6c-b063-4903-8b26-ff49c39db82b,PROD007,LOC-WARE-004,,1,360
ea2ec02c-0934-4c81-addf-2a953c3bd8c0,PROD007,LOC-WARE-004,,1,160
6cdd6bcf-1200-43c8-887e-2982e16f7e6a,PROD007,LOC-WARE-004,,1,60
1d09eca7-01df-48c6-9c77-539aebccdfb4,PROD007,LOC-WARE-004,,1,470
f80a3f54-0cf2-412f-b1f0-fdf24150fa5f,PROD007,LOC-WARE-004,,1,460
2aef5af1-41f0-460f-beb5-1f7763b6bce1,PROD007,LOC-WARE-004,,1,100
d2ceacbd-ddf4-4ea3-a93a-5e6451dd7135,PROD007,LOC-WARE-004,,1,150
2f041d2f-0da6-449c-89b5-59ed22065d17,PROD007,LOC-WARE-004,,1,360
5b94893e-2651-4bd1-850e-cd54c224fa4a,PROD007,LOC-WARE-004,,1,300
170ccb01-5233-49a4-b9ba-58543f98066d,PROD007,LOC-WARE-004,,1,380
dc4198fa-65af-4695-8ff3-a0bfa5f833a2,PROD007,LOC-WARE-004,,1,50
2645e023-2aa2-47aa-9f61-8b030d82b4b9,PROD007,LOC-WARE-004,,1,130
f15aab0d-a109-41b4-a9b8-637ecba8c5ee,PROD007,LOC-WARE-004,,1,120
32b34903-9b3b-484f-869c-2db7966d292a,PROD007,LOC-WARE-004,,1,310
1075ef5f-c769-4e47-9bbe-8ccf55df0dba,PROD007,LOC-WARE-004,,1,60
7fbe20b6-c651-4ffa-b647-46b7bd5185da,PROD007,LOC-WARE-004,,1,300
f7edb8b5-c12b-4262-ae0d-3b35f6ee4e34,PROD007,LOC-WARE-004,,1,460
d6b5fe31-be16-46af-818b-76f1d864855d,PROD007,LOC-WARE-004,,1,470
f2c31b91-1b93-4787-ab97-63f4956007eb,PROD007,LOC-WARE-004,,1,250
6a2da759-6b81-42f4-add2-b8d74ce1b1e8,PROD007,LOC-WARE-004,,1,350
979cd06c-0c9e-4793-815a-488d6fb947b4,PROD007,LOC-WARE-004,,1,390
1c8fd5b8-1554-4fea-bd48-44b0335e1973,PROD007,LOC-WARE-004,,1,470
519ee93e-e20a-491d-9613-41ddb4a87523,PROD007,LOC-WARE-004,,1,60
a4c9d666-cd6d-4094-b49c-d07190a76afb,PROD007,LOC-WARE-004,,1,490
dce6c374-492d-48fa-b33e-28da8d02d25d,PROD007,LOC-WARE-004,,1,350
89126171-e83e-4472-a602-5e0a573dffce,PROD008,LOC-PLANT-001,,1,270
9fd2b4b5-71a0-4880-9b41-d60709552c07,PROD008,LOC-PLANT-001,,1,350
bb84a2d0-1912-4c7e-9c9f-d2f7b37fed52,PROD008,LOC-PLANT-001,,1,110
10738dab-1754-4e3b-972f-3fc0887fbfe7,PROD008,LOC-PLANT-001,,1,150
28574800-0ef2-4a69-a1d7-31882219e92f,PROD008,LOC-PLANT-001,,1,120
29e07af8-8205-4efb-ba9a-4246e04a48cc,PROD008,LOC-PLANT-001,,1,130
bacc7390-0d1c-4411-95ca-a418b3f0b06a,PROD008,LOC-PLANT-001,,1,110
1749f342-c77c-4045-a836-c44f346c5d37,PROD008,LOC-PLANT-001,,1,330
0d9259b1-b5ab-47aa-b3e1-c8597f6806a3,PROD008,LOC-PLANT-001,,1,60
bfd77670-dd76-430d-af57-14f49350895e,PROD008,LOC-PLANT-001,,1,500
ecb586dc-a70f-4733-a235-324427377664,PROD008,LOC-PLANT-001,,1,190
5ba39d28-152f-440d-b465-34a85a0ffa2c,PROD008,LOC-PLANT-001,,1,210
58e554e4-ae6a-4e9d-8280-3a3f0715f9dd,PROD008,LOC-PLANT-001,,1,110
2f41153d-7644-42cb-a139-7511fb72d88c,PROD008,LOC-PLANT-001,,1,90
0244626e-f59e-4267-814f-e74bf55e844d,PROD008,LOC-PLANT-001,,1,200
c260c39b-bda8-4522-899d-ca1062229734,PROD008,LOC-PLANT-001,,1,340
0676814e-535d-4eab-ad5f-e607397f422a,PROD008,LOC-PLANT-001,,1,490
e26ade4b-97f4-412e-b63b-47b63690ea2a,PROD008,LOC-PLANT-001,,1,180
bc1f98e0-dc15-4dbd-b244-703076cd853a,PROD008,LOC-PLANT-001,,1,140
0aa46bc6-ad8d-45c0-b75f-f371ad4bef5b,PROD008,LOC-PLANT-001,,1,450
9ee9c4dd-36a9-4951-b827-5a9e6b21572a,PROD008,LOC-PLANT-001,,1,180
2c286d49-4abf-4d0d-b25b-be858c11bc19,PROD008,LOC-PLANT-001,,1,240
e181ee69-5eea-4e34-81a9-0a75df884cc0,PROD008,LOC-PLANT-001,,1,120
62dbce7b-d2c5-4a31-b568-0ede68c70e6e,PROD008,LOC-PLANT-001,,1,300
be806a2a-e1eb-420c-b06a-c0cd43cdf1ec,PROD008,LOC-PLANT-001,,1,450
2ddc4dd0-86e2-4d38-a1e7-281db738a914,PROD008,LOC-PLANT-001,,1,390
a7e2800e-508f-4c30-9239-b509ae6b5173,PROD008,LOC-PLANT-001,,1,320
9809d09d-25cf-4b96-ba18-9379f4cf7e5d,PROD008,LOC-PLANT-001,,1,480
866b8c2f-fbff-4e72-ab8f-9da80801b42a,PROD008,LOC-PLANT-001,,1,190
b8586b80-de94-4d58-ab82-249bdc3412b7,PROD008,LOC-PLANT-001,,1,390
f163d137-111e-4f9e-b2b6-da72ad096110,PROD008,LOC-PLANT-001,,1,360
7fac6e4e-a90e-453d-ab5a-ed55ee9806a2,PROD008,LOC-PLANT-001,,1,430
22dcf34e-0a3b-4d6c-a96d-e1a586c92373,PROD008,LOC-PLANT-001,,1,320
ef27f3cf-a01c-40b4-ac01-86e85c566096,PROD008,LOC-PLANT-001,,1,190
1a3bd1af-bbb6-495e-9031-b23eaba7a51d,PROD008,LOC-PLANT-001,,1,280
9c969fdc-1846-40c6-a42b-f2678f1aca5f,PROD008,LOC-PLANT-001,,1,290
e42f69df-b736-44f2-a15b-bc2bc3b4f896,PROD008,LOC-PLANT-001,,1,500
699c686d-79d9-4349-a794-63232f0bab35,PROD008,LOC-PLANT-001,,1,130
b87d4383-222f-4069-b342-81e50583773a,PROD008,LOC-PLANT-001,,1,350
b8ed0f83-f38f-4cb1-be34-d20931627a83,PROD008,LOC-PLANT-001,,1,150
47c6fb45-cc98-4cdf-b275-9d99a1cfcd67,PROD008,LOC-PLANT-001,,1,240
8ae382ec-0e47-44e0-b3a1-137bca2901f9,PROD008,LOC-PLANT-001,,1,450
6c003eed-4836-4843-b89f-93e7af91c36d,PROD008,LOC-PLANT-001,,1,320
c2894ebb-c364-4d65-bdbc-6d9ea4eadb8b,PROD008,LOC-PLANT-001,,1,300
78e47d85-bd9d-4297-a266-14a909fa2946,PROD008,LOC-PLANT-001,,1,340
51e1b8ba-7d9c-41c9-a3ba-ee4f3071e5c2,PROD008,LOC-PLANT-001,,1,110
4e01787e-fb79-47c3-a32f-a0e5eb6404f2,PROD008,LOC-PLANT-001,,1,380
f43a6c1d-6235-45a4-a34d-fcd2f94d83e5,PROD008,LOC-PLANT-001,,1,70
241bb457-05d1-4652-941a-307b8cb84172,PROD008,LOC-PLANT-001,,1,490
ca9ab400-24e1-431c-ad3a-684da1a7a709,PROD008,LOC-PLANT-001,,1,70
63d4ad7d-9148-417d-a20d-1af9ed82dd21,PROD008,LOC-PLANT-001,,1,260
414aa261-3f06-4743-8282-bc0ee919e5df,PROD008,LOC-PLANT-001,,1,300
0c9719ca-0bc1-472e-804f-f7676559d884,PROD008,LOC-PLANT-001,,1,370
a5966f3b-b500-41da-85cb-a7dae273e1d0,PROD008,LOC-PLANT-001,,1,210
c863b8e6-291b-44a8-938d-6bcebe0f48ec,PROD008,LOC-PLANT-001,,1,230
dd12cce1-3dd9-428f-8dd4-ab0c83d833f6,PROD008,LOC-PLANT-001,,1,350
674d1b67-50ef-4f9e-9643-640760aaf74a,PROD008,LOC-PLANT-001,,1,490
abe11032-cb5e-4c29-af3a-50387f817719,PROD008,LOC-PLANT-002,,30,410
11222dd1-2878-42fe-8d58-1cee1c508367,PROD008,LOC-PLANT-002,,30,270
93029809-1da0-41d3-8485-2dcfa7f40b08,PROD008,LOC-WARE-003,,30,300
59391bbc-f15a-4754-a785-8f76b217159d,PROD008,LOC-WARE-003,,30,370
b0f96b26-fe76-4157-bf12-b88081f9be2a,PROD008,LOC-WARE-004,,1,270
180594f4-f9bb-446f-ab1a-9a9002398f61,PROD008,LOC-WARE-004,,1,450
ffe5ec9a-99ce-453a-8ab6-701a2e466bd2,PROD008,LOC-WARE-004,,1,230
8fe05565-9815-42a4-b508-b0764e2824ad,PROD008,LOC-WARE-004,,1,50
0b09e724-b72a-46ca-9b51-b847daef0ece,PROD008,LOC-WARE-004,,1,370
b245ffb4-5900-4185-a144-6d6def03b0bf,PROD008,LOC-WARE-004,,1,400
5fd52bc4-d829-4bd0-899d-3873a4b62a9e,PROD008,LOC-WARE-004,,1,310
8b94182e-730b-46bc-9438-35b1d058a66c,PROD008,LOC-WARE-004,,1,300
ba9fc4a6-6b2d-4830-b9b6-424bc4643750,PROD008,LOC-WARE-004,,1,290
7166368f-eac7-4de8-ba89-705380e37212,PROD008,LOC-WARE-004,,1,170
5593565a-cd70-4f79-a8ce-d3f6fc21796a,PROD008,LOC-WARE-004,,1,460
e95b073c-af5d-4f6d-84fe-afd6dc3e1e52,PROD008,LOC-WARE-004,,1,190
41078dc8-f267-40dc-956c-e4ca37768fc2,PROD008,LOC-WARE-004,,1,160
6a06d15a-bdf3-4102-8562-810cb56dd349,PROD008,LOC-WARE-004,,1,430
3b38116b-ae2e-464a-b1d6-6141d150ac5a,PROD008,LOC-WARE-004,,1,250
ea7fac57-56f6-4131-9492-90e69ca7c5ab,PROD008,LOC-WARE-004,,1,240
f01808d1-3a3d-475c-bda4-16aec6404fff,PROD008,LOC-WARE-004,,1,240
edb3d071-2d86-44f2-aa40-a2a1ea679961,PROD008,LOC-WARE-004,,1,500
412eef67-be7a-4a09-bd10-85f29640edbe,PROD008,LOC-WARE-004,,1,270
34169227-74d0-4235-9691-ecb22bbae594,PROD008,LOC-WARE-004,,1,60
ac3baf68-86c9-498b-aa2c-eeaaeca72331,PROD008,LOC-WARE-004,,1,390
2e7c9498-69d5-48d6-862b-7c1708a73075,PROD008,LOC-WARE-004,,1,160
cba1b9ed-24dc-4a0c-b81e-88b37330ba4b,PROD008,LOC-WARE-004,,1,310
53f287d5-5228-473f-873e-6529a85ad8e8,PROD008,LOC-WARE-004,,1,440
7d333e01-9cd7-4427-b5ad-ab1f063692e7,PROD008,LOC-WARE-004,,1,360
f26322ee-4d37-498d-b14f-e6b0b0d62b07,PROD008,LOC-WARE-004,,1,370
252394ca-4ea6-4fc9-b430-7a86a35daebe,PROD008,LOC-WARE-004,,1,420
ad6694c7-4b8b-40e3-8d82-61e727edec76,PROD008,LOC-WARE-004,,1,450
1d83e69f-aa8f-41b2-8df0-619301985326,PROD008,LOC-WARE-004,,1,450
44e467c2-0fb6-436c-9d63-118cd326a2d8,PROD008,LOC-WARE-004,,1,240
548fea6a-ff16-4b23-9a0f-c1df6ec16393,PROD008,LOC-WARE-004,,1,170
93a4e3dc-a199-4721-81a0-813dbe0f13f7,PROD008,LOC-WARE-004,,1,160
4a4fdb20-19c8-4a83-82b6-754373a8f440,PROD008,LOC-WARE-004,,1,110
20944d69-8fad-45ad-802d-d5e8b3f432ab,PROD008,LOC-WARE-004,,1,180
b94deea9-07aa-4ca6-907e-35695685b9a6,PROD008,LOC-WARE-004,,1,220
44b979c8-2c0b-456c-80c3-adfe5da98427,PROD008,LOC-WARE-004,,1,440
bca324a4-8e9f-4909-a35c-387acb8b2f90,PROD008,LOC-WARE-004,,1,80
ae8ce54a-c3d9-4430-85b2-83bdaf4c3c50,PROD008,LOC-WARE-004,,1,430
bc43b687-2dc7-4b6c-8f14-54d54b348c8e,PROD008,LOC-WARE-004,,1,300
bff7523e-6589-4e71-9b2c-7caac3fb9111,PROD008,LOC-WARE-004,,1,300
20cfd319-9b34-4c0d-9749-a131cbdefcc8,PROD008,LOC-WARE-004,,1,310
15463608-9fee-47ac-95c1-3e835fbf2301,PROD008,LOC-WARE-004,,1,490
69efc0bf-c77e-47a7-9f9e-ee7af6aec39d,PROD008,LOC-WARE-004,,1,130
3a4cb989-cf0d-469a-9244-49c1e0d08534,PROD008,LOC-WARE-004,,1,400
348bb528-1c18-4582-b74a-ac3cdcd91e31,PROD008,LOC-WARE-004,,1,330
53d3dd0a-4435-43ae-8885-73d1950e5223,PROD008,LOC-WARE-004,,1,480
53ab1c22-0f82-466d-9872-34e0ccaa87c2,PROD008,LOC-WARE-004,,1,80
979654a4-605a-458a-9ad9-6e29b3aba292,PROD008,LOC-WARE-004,,1,490
f1b863b2-94a4-4e00-b832-ccbdcca0cc89,PROD008,LOC-WARE-004,,1,50
49704bbe-b70b-48d5-8045-62db07bbc942,PROD008,LOC-WARE-004,,1,490
32d8e024-eeaf-449e-934c-0813990488ea,PROD008,LOC-WARE-004,,1,470
f3da74dc-0f74-4d7b-b224-a374952eb6c0,PROD008,LOC-WARE-004,,1,470
a99054ee-a90f-47e3-ad5d-5d27dd894e1b,PROD008,LOC-WARE-004,,1,350
dadce592-39ec-4848-92b0-97bcbeeb2683,PROD008,LOC-WARE-004,,1,110
c937311a-a9da-458c-a98b-8c26cab78eba,PROD008,LOC-WARE-004,,1,170
81dacc8d-7ae6-48c6-89f8-3dedd8a001f8,PROD008,LOC-WARE-004,,1,210
f6e706e2-5d84-4d8b-8d77-8d0bd65439e8,PROD008,LOC-WARE-004,,1,50
c46f874a-f8fa-4113-8ad3-7ac9538bb280,PROD009,LOC-PLANT-001,,1,160
1ef76147-ed9a-40b3-9a55-c292ba0f7a70,PROD009,LOC-PLANT-001,,1,350
e7233223-7698-43fa-ac52-82f5b165d8df,PROD009,LOC-PLANT-001,,1,410
e326db9c-dea5-407b-acd1-1332e79a606d,PROD009,LOC-PLANT-001,,1,330
4b8f1a6d-15cd-45d1-8302-d5204b242c44,PROD009,LOC-PLANT-001,,1,240
e67c526c-d511-4b55-a8b9-fd3df177cfc5,PROD009,LOC-PLANT-001,,1,310
b10a980f-b201-44ed-ab97-24a3f06710a3,PROD009,LOC-PLANT-001,,1,500
424da341-6fc0-44e6-9b8e-6f0bb08f4de3,PROD009,LOC-PLANT-001,,1,470
1d45689c-85a8-4987-b7d2-910621587cd5,PROD009,LOC-PLANT-001,,1,170
1b1dc44a-c626-4bbb-b3f0-195649e17add,PROD009,LOC-PLANT-001,,1,380
4684b604-aa53-4c53-8688-e7b910f3dad1,PROD009,LOC-PLANT-001,,1,280
9242ea5f-4d71-4a81-8579-ad7790ede90f,PROD009,LOC-PLANT-001,,1,300
d0d8bfb8-35bc-4ec7-a68c-152c4be5d52b,PROD009,LOC-PLANT-001,,1,270
ab68dc37-088b-484b-b589-5249f771384a,PROD009,LOC-PLANT-001,,1,390
9cd6d37c-9db6-4c35-985d-dd96354c8e1f,PROD009,LOC-PLANT-001,,1,250
90c91183-b047-48b7-8fd1-9db552022d1e,PROD009,LOC-PLANT-001,,1,280
23d317a3-6ff2-464f-9a0a-ab3e7f93807b,PROD009,LOC-PLANT-001,,1,360
7e53fe01-54fc-4200-8870-de03dfc5a236,PROD009,LOC-PLANT-001,,1,310
3e9e44d4-627a-4f85-9d8d-c7193a40a4d9,PROD009,LOC-PLANT-001,,1,220
90c23eb2-12e9-4a18-9b49-0eb2eec049b8,PROD009,LOC-PLANT-001,,1,150
acf48c57-055e-4a37-909c-1ee051098b00,PROD009,LOC-PLANT-001,,1,130
1f5af5d9-dafb-4966-87ea-0515b11ca6b1,PROD009,LOC-PLANT-001,,1,160
fa0e3746-1029-497c-95d5-e6ceb8ae399e,PROD009,LOC-PLANT-001,,1,260
14e6dbf6-cfbc-4460-a252-2fd2702ce0e5,PROD009,LOC-PLANT-001,,1,390
16891334-90e2-4b1c-a110-12dd51e792ed,PROD009,LOC-PLANT-001,,1,470
0146c0b1-a92e-48ea-8eeb-c9e33c379234,PROD009,LOC-PLANT-001,,1,450
1a713964-9292-4f6a-88de-e1d003ea076c,PROD009,LOC-PLANT-001,,1,130
5706cdef-9820-4b6a-9af2-b3654581295a,PROD009,LOC-PLANT-001,,1,490
6312eace-fb66-4d1e-b0dd-c4581e6fc500,PROD009,LOC-PLANT-001,,1,140
d897f173-8d4d-48eb-b79a-2aef3b7425b4,PROD009,LOC-PLANT-001,,1,400
e5d4b47c-659b-490e-8081-dbbd521b3b07,PROD009,LOC-PLANT-001,,1,350
49ddfb84-4f46-49ea-9254-0841e0f6435e,PROD009,LOC-PLANT-001,,1,420
7e5d4bed-08ba-423d-b564-e973a0282c5b,PROD009,LOC-PLANT-001,,1,220
8c33ca8a-1d81-45ef-ba56-959391b4ae3d,PROD009,LOC-PLANT-001,,1,500
3904f3fb-e538-45ea-84b9-285ef0497b89,PROD009,LOC-PLANT-001,,1,110
753a2930-98a6-42c0-8f50-88e6ce9d8a18,PROD009,LOC-PLANT-001,,1,170
707e115e-67b1-412a-8098-de2fcf153433,PROD009,LOC-PLANT-001,,1,450
e5698bd8-4e68-4498-9796-d9c32d338c2a,PROD009,LOC-PLANT-001,,1,330
41a3b07f-1947-46aa-9b62-83463f276bf1,PROD009,LOC-PLANT-001,,1,290
6dad2d81-d45d-49e6-81c8-7a6bb7df00c0,PROD009,LOC-PLANT-001,,1,340
41bf858e-1f68-4a64-a516-e28bb198a26f,PROD009,LOC-PLANT-001,,1,100
505117fa-04a7-48c1-a6d1-0851b5906cea,PROD009,LOC-PLANT-001,,1,340
0ddb1ab4-4b6d-46c6-8f70-d3315e2a6a26,PROD009,LOC-PLANT-001,,1,180
48b9a1b0-3b36-4d3f-81ee-3ae5b37edbf9,PROD009,LOC-PLANT-001,,1,210
c23ab29a-61bf-46fe-bcaa-0ae0ce515ab4,PROD009,LOC-PLANT-001,,1,80
d9e40614-c0c3-48ed-88cb-159eace9915b,PROD009,LOC-PLANT-001,,1,330
afed896a-685c-4c3a-90a1-8df1fbfd8de0,PROD009,LOC-PLANT-001,,1,370
4a200639-04d4-420c-9156-370c4a8af54e,PROD009,LOC-PLANT-001,,1,410
c96f796e-5b80-48e1-8ae9-c589d4df2f96,PROD009,LOC-PLANT-001,,1,250
06cb0d33-b9b5-4ece-8760-1a96523bcba5,PROD009,LOC-PLANT-001,,1,150
25bfa89c-fa3d-4a2c-baca-01926f723de2,PROD009,LOC-PLANT-001,,1,250
25fbbf04-6c3d-46db-8e6b-2b88b1e7cf12,PROD009,LOC-PLANT-001,,1,130
25e50033-8f67-4f56-9ab3-daefb6143530,PROD009,LOC-PLANT-001,,1,400
5d593230-468a-443b-a8e6-a20f318a47ed,PROD009,LOC-PLANT-001,,1,380
a35da526-11b2-45d4-8130-fc2e216a0689,PROD009,LOC-PLANT-001,,1,290
27dc4bfb-1d75-4929-8244-a1ae82d8fd13,PROD009,LOC-PLANT-001,,1,50
b8f4dc94-a004-4562-b23a-979ac4888059,PROD009,LOC-PLANT-001,,1,90
1c30f440-669e-4065-b8b8-c5254027e03d,PROD009,LOC-PLANT-002,,30,270
77247bc7-eff5-4d5c-adbe-bc1d404aca63,PROD009,LOC-PLANT-002,,30,190
be63f3f9-d474-4645-b308-048b661c66ac,PROD009,LOC-WARE-003,,7,290
4d7a5bad-01f9-4dd7-90a0-352fcaad111b,PROD009,LOC-WARE-003,,7,220
0b2fab0b-b14f-4301-9fc3-e783c986dae8,PROD009,LOC-WARE-003,,7,330
6f5de35d-0c2e-4358-b4e5-808b0e581a06,PROD009,LOC-WARE-003,,7,290
17ab2323-d805-458a-9cea-edbecb3eeccf,PROD009,LOC-WARE-003,,7,140
533c8b0b-e818-4a91-990a-7222999e2b0f,PROD009,LOC-WARE-003,,7,170
970e0036-85db-478e-a177-d5f8e5533696,PROD009,LOC-WARE-003,,7,360
52f1f64c-cb1a-480e-92c8-926cd7a90d4a,PROD009,LOC-WARE-003,,7,420
3b414078-8302-4028-9d95-075146fe7aff,PROD009,LOC-WARE-003,,7,380
9b4c7ed8-34b6-4d0d-8dd4-f2642452bae1,PROD009,LOC-WARE-004,,90,400