id,siteLocationId,ProductId,Quantity,quantityUom,expirationDate
f48b60d8-3798-408d-9dff-c503b7aabd28,LOC-WARE-004,PROD007,470,Each,
0caca359-3d5e-4793-b127-29ba27a7adb1,LOC-WARE-004,PROD009,220,Each,
c6668e2c-824e-4689-b714-898fcca8482b,LOC-WARE-003,PART003-2,60,Each,
a3c7d6c2-e6e2-44ca-9b3a-7123fe9129d4,LOC-WARE-003,PART002,400,Each,
ab0a1abc-18c4-4c6d-a3f8-43bf1da87c7e,LOC-WARE-004,PROD006,200,Each,
7b2fa69f-b486-4e27-9e75-9a26a4f9cd43,LOC-WARE-003,PART002,60,Each,
21d16549-9134-4125-9781-e8096ff6c2c6,LOC-WARE-004,PART003,280,Each,
f9b90ed7-8674-4602-9678-514357a02b88,LOC-WARE-003,PROD002,220,Each,
693c00b1-d685-4b0c-8642-dd797cfc5b96,LOC-WARE-003,PROD002,140,Each,
2a0a897f-1af0-4bb7-9ace-df794144da2e,LOC-WARE-003,PART003-3,290,Each,
70f1af54-8c88-4a38-af8c-d334228bc1d3,LOC-WARE-004,PROD006,420,Each,
69aa0c7b-5173-41ac-89aa-866a9cc73167,LOC-WARE-004,PART003-1,110,Each,
ca1c8da8-d57d-4b22-aee7-93e68e6ebb49,LOC-WARE-003,PART003-1,250,Each,
f5acdf45-5d47-4212-832d-c950d01bb8e2,LOC-WARE-003,PART005,410,Each,
0019eedc-a77b-46ba-9405-5b452434aedd,LOC-WARE-004,PROD006,200,Each,
e0c1f84b-828b-4dfc-b0ce-4083b1987b4e,LOC-WARE-004,PROD009,190,Each,
652ad5b3-a096-4d03-a4c0-ef06229bffed,LOC-WARE-004,PART003-3,480,Each,
dcb884e3-0318-49f2-9dbc-e4c831a83e14,LOC-WARE-004,PROD004,490,Each,
7af4f310-0aae-4203-acce-ad6d18c23b49,LOC-WARE-004,PROD001,470,Each,
12590f28-8f14-4b32-baf5-340f5cc55f0e,LOC-WARE-004,PART003-1,370,Each,
031c17bb-dc37-4dfa-a681-7acd1b97f232,LOC-WARE-004,PART004,120,Each,
85504d5f-c588-423d-8941-1a941dd1c467,LOC-WARE-004,PROD009,280,Each,
dcc4d6e8-9e6b-42ca-acea-6af2da41201a,LOC-WARE-004,PROD006,380,Each,
50099a73-5665-49a0-82bf-fe1c86b97922,LOC-WARE-004,PROD004,250,Each,
6eb67543-45dc-41b6-a0e7-3d276f2bcb5d,LOC-WARE-003,PROD006,380,Each,
14c74c2f-f937-45dc-bf2f-a4da9337c3c9,LOC-WARE-004,PART003-2,110,Each,
d7c00115-e012-407c-b46d-71846a1e6d4f,LOC-WARE-004,PART002,450,Each,
004114a8-9707-4d51-92b7-b9bb6a6b0e70,LOC-WARE-004,PROD003,470,Each,
164fa50b-9102-4625-85ad-796a5bec2874,LOC-WARE-003,PART003,270,Each,
879538ab-b829-41ea-8db0-9f8f27e7d242,LOC-WARE-003,PART005,130,Each,
77811a58-6862-44a9-82ab-5fa2285407a7,LOC-WARE-004,PART003,80,Each,
e150d152-fa8c-418f-8a68-5cd7824e66d2,LOC-WARE-003,PROD002,370,Each,
7052ed78-0f24-4c18-b1be-60375910643e,LOC-WARE-003,PROD007,300,Each,
aefcadda-3162-45dd-9a03-a9158dc486ba,LOC-WARE-003,PROD006,340,Each,
205de57d-4dac-451d-aead-9f36ecdac4b1,LOC-WARE-003,PART003-1,50,Each,
b5449c69-6620-438e-87a4-7f57f235562d,LOC-WARE-004,PART003-3,240,Each,
c871f3e2-0668-44c7-902e-f42dead9c25d,LOC-WARE-004,PART006,480,Each,
851d410a-9fa8-41f4-a33f-c0b28f1b2275,LOC-WARE-004,PROD004,70,Each,
bd4f13d7-203d-46d0-823f-ce148fbba5ff,LOC-WARE-003,PART003-1,440,Each,
cc7f28f8-a42f-4075-8878-c54a0280f175,LOC-WARE-004,PROD002,310,Each,
eaffab56-579c-4f13-a9a3-b6a38aee9c3a,LOC-WARE-004,PART003-1,140,Each,
fc22a3b8-592e-4559-8fd6-e833dc6adb9b,LOC-WARE-004,PROD009,120,Each,
38f8fada-529f-4463-a0be-548d8743a9a6,LOC-WARE-004,PROD003,260,Each,
dca058b1-90e2-45b0-80b7-18092921e293,LOC-WARE-004,PROD008,170,Each,
94520ec0-6ce9-45b3-92b9-5a15b2d9f52d,LOC-WARE-004,PROD008,200,Each,
5dadab37-d415-416c-84ac-a3be8d84ebb0,LOC-WARE-004,PART004,150,Each,
79f08851-19f0-4c13-bbff-cbd1344df62a,LOC-WARE-003,PART003-3,450,Each,
80ce4df3-e07c-45da-953e-48a0b628478b,LOC-WARE-003,PROD001,140,Each,
1057dd74-a798-480c-9858-b7d987d91f5e,LOC-WARE-003,PART006,250,Each,
fd78c99d-baaa-419b-bd96-3286ba065d05,LOC-WARE-004,PART003-2,330,Each,
ab9c9fc1-8587-4301-9658-f950d7f26672,LOC-WARE-003,PROD004,390,Each,
629cf968-f8b0-45de-bdd1-e9fc84614645,LOC-WARE-003,PROD001,110,Each,
ce75e82c-f67e-4675-943a-84d509e72033,LOC-WARE-003,PROD006,470,Each,
94d83c39-1c10-4ae6-b668-a3900b8177c3,LOC-WARE-004,PROD003,300,Each,
88802946-b2a1-4e3e-bea1-ce678ade1646,LOC-WARE-003,PART003,80,Each,
770f5648-6b8c-4f81-b77c-40dc7a1eec83,LOC-WARE-004,PROD001,490,Each,
ee87655e-1585-4cc3-8d9a-51918961d90e,LOC-WARE-003,PART003-2,90,Each,
5177e3d5-acce-4bed-9439-9ec802fd0bd5,LOC-WARE-003,PART006,300,Each,
6b1d4239-0b7d-46b9-8fa7-512422f1fcea,LOC-WARE-004,PROD001,300,Each,
ce3c86b4-bbd1-4751-a920-83a0ed90d341,LOC-WARE-004,PART003-1,230,Each,
da5578de-a43c-44ea-b765-ee81afe98b32,LOC-WARE-004,PROD004,500,Each,
f6d50828-4e45-43eb-b1a5-f61c32745d2c,LOC-WARE-004,PROD003,270,Each,
9e91ff44-e6ce-4d55-aae5-1f623ec67e51,LOC-WARE-003,PROD003,140,Each,
dbc69d49-efb4-4cdd-b32a-c5e5062b1d9f,LOC-WARE-003,PROD001,300,Each,
f5f82138-4791-457d-806e-78c76d83c43d,LOC-WARE-004,PART006,400,Each,
566f38a0-2be7-48be-9838-d4d99e99d503,LOC-WARE-004,PART005,430,Each,
a0034bc2-af16-4a7e-95b7-ceb896b4e845,LOC-WARE-004,PROD001,180,Each,
ceee9b9c-fa73-444a-bda3-f45579fde1dd,LOC-WARE-004,PART003-3,70,Each,
faa49160-ff74-4c85-b158-ace8e44c0760,LOC-WARE-004,PROD002,110,Each,
ad6bfcf5-df6e-4ca7-b4f6-d96564d37da4,LOC-WARE-004,PROD004,90,Each,
8909b2c3-c37d-483e-93f0-70ec487739af,LOC-WARE-004,PROD005,380,Each,
3a0f1bc2-1c9c-41e5-ac49-c64f17c71dee,LOC-WARE-003,PART001,500,Each,
c534a628-0e80-4cf3-9c29-1d30c41be59e,LOC-WARE-004,PART003-2,280,Each,
8ee219e7-e20f-4595-b174-c9ff91c1b49e,LOC-WARE-003,PROD002,370,Each,
b3d165d3-893d-4692-b2ea-cb2cde97a0f7,LOC-WARE-003,PROD001,480,Each,
9b4646de-163e-4a4b-8fbd-ed1b5b59291e,LOC-WARE-004,PART003,350,Each,
786b2deb-8f14-4ead-abb8-99cbe3c7179e,LOC-WARE-004,PROD009,210,Each,
7449fc12-aa68-403b-aba2-81ce53afc3b0,LOC-WARE-004,PROD008,330,Each,
ffc7f2b4-6351-4de1-ab2b-17ce2ce544d6,LOC-WARE-003,PROD007,350,Each,
ce8425ea-0221-47df-91c1-b2cfa3fab8ce,LOC-WARE-003,PROD006,260,Each,
61fb4afe-06d1-4190-9629-bd87130c87d2,LOC-WARE-004,PROD004,300,Each,
efc8f145-fec8-4b56-acf6-73fbc3ccf41a,LOC-WARE-003,PART001,70,Each,
25f3063d-3a28-4085-9109-1e3484d717ac,LOC-WARE-004,PART005,260,Each,
aaef6106-098d-4dd2-a5fd-64fe1b2b61d8,LOC-WARE-003,PROD006,370,Each,
9fd65c2a-4775-4fa1-895d-5d882071736c,LOC-WARE-004,PROD009,340,Each,
3e697b77-f0bf-4a2d-9763-40bcf35448eb,LOC-WARE-004,PROD005,100,Each,
666776f4-cf0f-4aaf-8961-386756abb80d,LOC-WARE-003,PROD009,350,Each,
0acdd50e-69c2-4831-a646-a3c529fa5411,LOC-WARE-003,PART001,160,Each,
ad52143c-060a-411f-afce-8fb7dbad22a8,LOC-WARE-003,PART003-1,110,Each,
b9967848-9462-4b02-876e-c10e04da7ab8,LOC-WARE-003,PROD002,400,Each,
5f913930-6fe8-42e6-8f5a-83fae66f76fa,LOC-WARE-004,PART003-3,90,Each,
434a0ddb-56a1-4596-9505-de2d4e25a6bf,LOC-WARE-003,PART006,70,Each,
e8ef95cf-defa-4965-9fd3-53ae19c45ecf,LOC-WARE-004,PART005,250,Each,
43593651-86f9-4152-8e3e-b2ed65887eb3,LOC-WARE-004,PROD002,110,Each,
a0b73259-ab1d-4415-93a9-e2725ca6fecf,LOC-WARE-003,PROD002,210,Each,
8df65131-7069-4245-8860-1ff42a0d5676,LOC-WARE-003,PROD002,360,Each,
093f66d2-7cfa-4d63-a660-b2a905403d71,LOC-WARE-003,PART003,70,Each,
fb7e6859-e9f0-42e0-89ed-ca025eccc397,LOC-WARE-003,PROD005,100,Each,
6c06d7b9-7622-4c04-b820-533788dcb832,LOC-WARE-004,PROD007,50,Each,
a3fb9577-7cfe-4ae3-b6f3-19ae1384e8f2,LOC-WARE-004,PART005,420,Each,
353f664e-fe9a-4f0c-b50d-0d5f5cbe5367,LOC-WARE-003,PART003-2,150,Each,
c4c96985-e8b4-472f-9bb0-71d99d969945,LOC-WARE-004,PROD004,190,Each,
b1b64274-60f4-4a70-b88e-c78fae6204aa,LOC-WARE-003,PROD001,60,Each,
b8f4c772-aff3-4a52-8289-9f28f6c2ec54,LOC-WARE-003,PROD007,390,Each,
5ef02e2c-3e02-475b-b825-b8e57dbbeab7,LOC-WARE-003,PART002,290,Each,
6d0966bc-1a7a-4d69-b0d8-7bd6a9b09f3c,LOC-WARE-004,PART002,110,Each,
1b00a47c-dad2-4979-ad53-072e36cc156a,LOC-WARE-004,PROD005,300,Each,
a93b743b-9e0a-4b7f-bcea-0d1b6953955b,LOC-WARE-004,PROD008,420,Each,
d63dadf3-e4a2-468e-aa4c-df9f9fddb449,LOC-WARE-003,PART003,460,Each,
57e12f82-1791-49df-952c-0fdce40cfe72,LOC-WARE-003,PROD008,130,Each,
cd8eeea5-dff9-4e1d-a60f-143204b28280,LOC-WARE-003,PART003-1,410,Each,
9540c6a5-fb3d-45a8-8591-addafabad0ad,LOC-WARE-004,PROD004,460,Each,
d17dc0fe-f45c-4924-aac5-ac10aed4a4d7,LOC-WARE-003,PART003-3,190,Each,
11f97b55-4cd1-4acb-a7a3-79b368bc67fe,LOC-WARE-003,PART002,440,Each,
8b3bf64c-bbd0-4bff-a690-114714177792,LOC-WARE-004,PART003,50,Each,
b6013856-b144-4673-8b62-8dcb9cc907e6,LOC-WARE-004,PART004,350,Each,
49c10d09-f429-44f6-913b-75ece9a57b2a,LOC-WARE-003,PROD002,490,Each,
1fbc29fd-67a1-410b-8f54-2af834301612,LOC-WARE-003,PART002,180,Each,
6916f666-8260-458a-9859-338beb429ed4,LOC-WARE-004,PART003-3,280,Each,
4ea050b2-aa5c-4743-bca7-0bc4720fd828,LOC-WARE-004,PROD006,170,Each,
7b0ed363-daf6-4d7e-b909-a3ff99bf5fc4,LOC-WARE-004,PROD008,270,Each,
12ebba09-c559-4e35-b410-dfab82d58ff6,LOC-WARE-003,PROD008,320,Each,
77a5e893-e81a-4151-abff-4f50ca4400fc,LOC-WARE-003,PART002,60,Each,
e8136868-1675-46de-b683-ebb4498d61d0,LOC-WARE-004,PART002,470,Each,
4543a223-f8b2-4f45-8c9b-8f79ba533b21,LOC-WARE-004,PROD001,120,Each,
c877da20-3b1a-44e5-bad2-384b2eb5ae63,LOC-WARE-003,PART003-3,160,Each,
8610db59-7b29-4670-aeb8-40c53ddc3238,LOC-WARE-004,PROD006,370,Each,
afb4f3ad-0e02-4c31-9f16-e8d33e4f4f47,LOC-WARE-004,PROD008,150,Each,
832554b7-f1ab-4836-8b1f-daa9cd68a002,LOC-WARE-004,PROD004,320,Each,
fa770b6e-c544-4333-8744-b16eed0410df,LOC-WARE-003,PART003-2,240,Each,
c73f20c5-d1e9-41bf-9ee1-ada86a55bb6c,LOC-WARE-003,PROD008,410,Each,
0ae51b33-6bd2-4780-a745-211cc4821e0f,LOC-WARE-004,PROD008,80,Each,
8cf9a3a3-75bf-4b07-b352-643ab0ab23b1,LOC-WARE-004,PROD001,400,Each,
ea8a4b4f-798c-4cee-8623-132f283b342e,LOC-WARE-003,PROD003,380,Each,
bfe8f854-b912-4b11-86fc-9e0fe5d6d889,LOC-WARE-003,PROD005,50,Each,
4ca02725-718b-4074-b261-11570bc79a07,LOC-WARE-003,PART003-1,280,Each,
73c8618f-d615-44d1-9ab3-746323ec71c4,LOC-WARE-003,PROD005,480,Each,
18ab064b-5972-4e16-87dc-6aa88d269caa,LOC-WARE-003,PROD007,500,Each,
e882098d-a29e-4ac4-a4cc-bee3fc289d0d,LOC-WARE-004,PART003-2,470,Each,
6187640b-1658-4efe-9736-2e6fae624951,LOC-WARE-003,PROD004,440,Each,
fdb6d989-54c7-44a2-b076-2b6d71b136d5,LOC-WARE-004,PROD004,250,Each,
b0383a99-1170-4c17-9820-8b78db761928,LOC-WARE-003,PROD006,240,Each,
62823694-f445-46b1-8d8e-16871f2fcf06,LOC-WARE-003,PROD006,230,Each,
03473783-20ac-42d8-bfd0-d98e6d78e20f,LOC-WARE-004,PROD007,350,Each,
05686bd8-f97d-408a-8994-eba741e96050,LOC-WARE-003,PART002,440,Each,
232ab9fe-c53d-4e10-8b8e-260a314209fb,LOC-WARE-003,PROD004,80,Each,
a392a5bf-857d-4910-9d07-d5e89c6f9be1,LOC-WARE-004,PROD009,150,Each,
8fb0114a-ce98-4320-8df4-9e0fee937800,LOC-WARE-003,PROD001,280,Each,
6c382859-ede1-41a2-a9f8-cd040ebe154c,LOC-WARE-003,PART002,490,Each,
94050fbd-d736-4f82-9334-1535139c5cfe,LOC-WARE-003,PART002,80,Each,
b6e210cb-cefb-4171-a02b-a906332cd460,LOC-WARE-003,PROD005,140,Each,
8877ee59-6193-41fc-8d0f-f82b40bf1bd2,LOC-WARE-003,PART003-2,270,Each,
123610f5-4712-4ba7-869d-258d8b945a2c,LOC-WARE-004,PART004,190,Each,
2acbba84-d62d-4c5b-9be7-83a6792069cc,LOC-WARE-003,PART003,430,Each,
6d7007fc-a76e-4ebb-922d-bff78ebb3d5c,LOC-WARE-004,PART003-1,290,Each,
b07e78c0-3060-4ce0-9afd-b868b71c0b22,LOC-WARE-004,PROD008,370,Each,
c089c0dc-7391-4a7a-8870-10ac7e12adfb,LOC-WARE-003,PART001,460,Each,
c5713e07-0a3d-4538-b704-79aef728f466,LOC-WARE-003,PROD009,400,Each,
dad88b3d-b9ac-400b-991d-fca59bdd5d06,LOC-WARE-004,PROD009,210,Each,
c3d11735-d892-4b82-b9a3-365e30d404c3,LOC-WARE-003,PART003-1,170,Each,
b96cf700-14ad-4925-bc81-68cf8b68c413,LOC-WARE-003,PROD004,230,Each,
e0e3409a-b9d9-42fd-b368-869073654394,LOC-WARE-004,PROD007,230,Each,
190ff724-f8ab-4436-82da-0593d7299bdd,LOC-WARE-003,PROD009,450,Each,
3eea6830-e47b-48cc-b053-26746f937088,LOC-WARE-004,PROD009,300,Each,
0194e458-1173-4c55-82bc-48908ac9dc30,LOC-WARE-004,PART006,230,Each,
0f3659c1-c034-4484-9f40-916e48c94b95,LOC-WARE-004,PART001,180,Each,
2f9c1819-7f15-4198-9a73-ef3b6927e61f,LOC-WARE-004,PROD003,190,Each,
528a717f-6a9e-4f39-a6d4-a0c6417476e0,LOC-WARE-004,PROD003,130,Each,
92169df1-e895-4ab7-a737-cbb7b8e89094,LOC-WARE-003,PROD001,120,Each,
e6973516-eef5-4f61-ade4-ec8bcae3835f,LOC-WARE-004,PART004,440,Each,
f322a523-7fdc-46ac-81f7-35b4a6e45f8f,LOC-WARE-004,PROD006,450,Each,
3d256e0b-50b6-466e-8885-1e0e1dcf294b,LOC-WARE-004,PROD008,110,Each,
26628965-5169-4fde-a32e-32a83c64347a,LOC-WARE-004,PROD001,150,Each,
086a25a3-7238-4105-8faa-8dbdb5f8f1d2,LOC-WARE-003,PART003-3,350,Each,
18c1a00f-6319-475c-b1c1-0d0cf42eae65,LOC-WARE-004,PART003-1,150,Each,
4e9c8526-14b6-40d3-bfeb-43091e62d8f1,LOC-WARE-004,PROD006,130,Each,
2832e4a0-d802-4813-a5fb-435c575658a1,LOC-WARE-003,PART002,420,Each,
1296f512-0596-49ac-902f-54f9a260d91d,LOC-WARE-004,PART002,410,Each,
a20b665a-e07e-4ba8-afa5-5185ca5b757b,LOC-WARE-004,PART004,90,Each,
b1a581bc-24ed-42a5-806b-a623c955cdaf,LOC-WARE-004,PROD003,120,Each,
9e7fe62c-10ed-4574-b517-5da11ca969a5,LOC-WARE-004,PART003-3,50,Each,
021af126-7203-439c-9e78-a037fcfbc3e0,LOC-WARE-003,PART003-1,490,Each,
8a972ce9-961b-4b1a-8a4c-7a2dee172bb7,LOC-WARE-003,PART004,100,Each,
53a891b3-17dc-4fc0-9b10-c6db1b43cfef,LOC-WARE-003,PROD006,130,Each,
e2146e02-3a98-4bf3-85e2-4f9fa8f159e9,LOC-WARE-003,PROD001,460,Each,
dc821a31-66df-41c5-a7bd-874620109897,LOC-WARE-004,PROD003,290,Each,
7a27f1b2-997f-4a1a-9ec8-8aafb38d578b,LOC-WARE-004,PROD003,180,Each,
9e6deb37-7d79-421f-8ffd-73aab4b40bdb,LOC-WARE-004,PROD008,110,Each,
3cf7507d-5ac9-4eeb-b948-69b91fb3924f,LOC-WARE-003,PART006,450,Each,
53f2a797-0f40-4ff8-a46d-e332f3cd8519,LOC-WARE-003,PROD004,450,Each,
c6310489-7a97-4a8a-bd4c-94f4b6c28300,LOC-WARE-004,PROD003,170,Each,
63b1f0be-2bd9-4568-ac46-0a8d1927838a,LOC-WARE-004,PROD007,170,Each,
2f3d8816-6627-4c40-9e5d-26aacccc62c2,LOC-WARE-003,PART003-3,270,Each,
4a0532e5-4062-4854-a9ac-d6cefcd56936,LOC-WARE-003,PROD004,340,Each,
9ba04682-093d-4efe-9260-19adb929fb61,LOC-WARE-003,PROD001,240,Each,
366e8221-dfaf-464f-9b1a-c6df857536d1,LOC-WARE-003,PROD003,300,Each,
de67cb37-79c2-4571-b40a-3743f2c58ede,LOC-WARE-004,PROD007,200,Each,
ef4c932c-03de-4ef2-9b20-e88ec2fdca82,LOC-WARE-003,PROD006,130,Each,
2089076d-08fb-4520-a3bb-1c4ae19c5e8e,LOC-WARE-003,PART002,480,Each,
d083994a-fa4a-4982-afe5-a98d38e6dd34,LOC-WARE-004,PROD008,270,Each,
f224f5b1-91f7-4d22-9123-4c7f04f25cfc,LOC-WARE-004,PROD004,270,Each,
3930ce0c-7085-4e66-8a9b-b6a03f399cae,LOC-WARE-003,PART003,290,Each,
096e258b-7ac9-447a-84bd-02600c86e6f3,LOC-WARE-003,PART003,220,Each,
4ddc814e-fef7-4c98-abda-f5144ed79d13,LOC-WARE-004,PROD009,360,Each,
df5a7dd0-b627-471f-9696-2904ce659deb,LOC-WARE-003,PROD005,60,Each,
841a708a-9537-42e9-b287-afc4e3bc266f,LOC-WARE-003,PART003-1,460,Each,
7194a36a-ba1e-4a7e-971d-95a68d828a9b,LOC-WARE-003,PART002,180,Each,
2dd2f9ff-43d7-4f31-a3fd-5f8771fdd8d5,LOC-WARE-003,PART005,480,Each,
3d6bd834-64d9-4dc5-93c7-54af7f5802ab,LOC-WARE-004,PROD002,260,Each,
3206c9b2-b8c1-4eb2-8e8b-e31b978dd844,LOC-WARE-003,PROD006,470,Each,
8a5c3e7b-e57d-45bf-b65e-dda7b6297ee2,LOC-WARE-003,PART002,120,Each,
8897bb01-0fad-4624-ab7d-a597a44e9b78,LOC-WARE-004,PART003-3,100,Each,
97ceeb24-cb55-4b23-927f-3895c983bc9a,LOC-WARE-003,PART003-2,490,Each,
4b20d77d-7689-4094-8d08-d016dcd2233b,LOC-WARE-004,PART004,110,Each,
a52febb4-d35e-4697-9d44-d28b29f317a6,LOC-WARE-004,PROD006,100,Each,
988fd596-f857-4048-b697-84d02f64f81c,LOC-WARE-004,PROD006,460,Each,
ec3389a4-01ba-4e05-a20a-9189e283516b,LOC-WARE-004,PART003,150,Each,
22513e9a-d0cc-4712-92a7-4e0fc07f3264,LOC-WARE-004,PART003,450,Each,
dd502673-b297-4825-997e-dc15adb03ef8,LOC-WARE-004,PROD002,80,Each,
9d7a7c93-2fe9-42ee-a251-4bf1a1ce84bb,LOC-WARE-004,PROD004,110,Each,
b283af8f-5cc6-40c4-bc1d-5d4af04b8f84,LOC-WARE-004,PROD002,430,Each,
03fbd21a-0b5a-44e8-9d4a-f0e6198de94a,LOC-WARE-003,PART004,310,Each,
e408692a-b058-45bd-81f7-df891202d8b2,LOC-WARE-004,PART005,150,Each,
7ccb5d36-d881-4dc8-969d-ece3a46d587c,LOC-WARE-003,PROD009,170,Each,
78e42b5f-cc03-44d6-8374-9ab80438de11,LOC-WARE-004,PART005,220,Each,
9d48f1b5-4645-41ea-b6ea-374fa350db44,LOC-WARE-004,PART003-1,360,Each,
d6431bd3-4f5e-48c1-aa3d-25771f140d7b,LOC-WARE-003,PART003-3,90,Each,
b0c39824-b344-4182-be62-3e0990a9bc0c,LOC-WARE-004,PROD004,360,Each,
2dfb5b4b-dfb5-4b0a-aad3-664d2877e055,LOC-WARE-003,PART005,240,Each,
89618e7e-0fab-4be1-b907-316bff20dac0,LOC-WARE-003,PROD003,290,Each,
527585b7-0064-4902-9473-e22e843d0914,LOC-WARE-004,PART005,90,Each,
c8c9447b-5d7e-4ee2-9222-099c4b72ef53,LOC-WARE-004,PROD006,260,Each,
55286c15-e975-48dc-90dd-287165a21b60,LOC-WARE-004,PART004,310,Each,
550a47c2-669f-407c-8fbb-5236b958d56c,LOC-WARE-003,PROD006,280,Each,
3d562d95-dcbf-4eef-a752-bb13f03c5de9,LOC-WARE-004,PART006,440,Each,
c1796bdd-88a7-45f0-a7e3-80d8e792464d,LOC-WARE-003,PART001,480,Each,
04fa58cf-b432-40f8-a78b-bbedb173c097,LOC-WARE-003,PROD002,480,Each,
c95f9d7a-f962-4867-ac70-12e0adea1f83,LOC-WARE-004,PROD002,160,Each,
8e0e7d8e-5b57-4b88-ab41-3e763e1b94bb,LOC-WARE-003,PROD002,500,Each,
597fc20c-adb4-4bfd-b441-c2d51be8b499,LOC-WARE-004,PROD004,100,Each,
754e2101-b0dc-472d-9fd1-0c74b3c351b5,LOC-WARE-003,PART003-1,450,Each,
3b07448f-6a77-43c7-b29b-3a29e588bce1,LOC-WARE-004,PROD001,310,Each,
aee1e543-eef9-4c36-b530-1555e43ad8b4,LOC-WARE-004,PROD003,400,Each,
047916c2-0754-40e0-ba7f-62618d96a706,LOC-WARE-003,PART003-3,420,Each,
27b74aed-33d5-4a5c-8097-f6c92610ed2d,LOC-WARE-003,PROD001,170,Each,
b0971f30-04e1-4e39-a45e-f15bfc25014f,LOC-WARE-003,PART002,330,Each,
60db4075-6487-4cf5-8a7d-a20bb8e69cf8,LOC-WARE-004,PART003-1,410,Each,
05f6f150-99ad-49db-8801-edd8cb6069bc,LOC-WARE-003,PART004,240,Each,
d2e4c305-dcc6-4115-ae74-fdb78569de16,LOC-WARE-003,PROD008,220,Each,
85871b7e-2539-4c7d-80ed-3c806855ab20,LOC-WARE-004,PROD008,80,Each,
fb8bf321-11c1-4f57-80b1-04fc0a6b71c1,LOC-WARE-004,PART006,400,Each,
2495d4be-1e2b-4db8-9aa4-1e71c4b5fc97,LOC-WARE-004,PROD006,480,Each,
4e62710a-b77c-49bf-84cc-1eafc7fe70db,LOC-WARE-004,PROD001,500,Each,
1d727765-6ee3-480e-ba71-3acc0dbad089,LOC-WARE-004,PROD005,220,Each,
e06878bb-f33e-4e61-a867-9e4cc3373667,LOC-WARE-004,PROD007,250,Each,
a890faa6-95a2-475f-a1a1-2c71937ec164,LOC-WARE-004,PART002,110,Each,
4c88dff0-e784-4ed0-870e-f9a8f4a07e6f,LOC-WARE-003,PROD008,460,Each,
1f25e1ca-c233-4d29-b6be-40761c98a791,LOC-WARE-003,PART001,470,Each,
fc9022e6-f273-47ac-bb43-fe179ffd1346,LOC-WARE-003,PROD004,200,Each,
0c19d83d-3131-4a8e-9879-b4330eb1ddb3,LOC-WARE-004,PART002,330,Each,
cff7ccf5-b942-4e59-a79f-8c9f3910ac54,LOC-WARE-004,PROD005,140,Each,
bf1dc9e7-09b3-4918-808f-ea763dd16c6d,LOC-WARE-004,PART003-3,100,Each,
e645e03a-0bd9-4d5e-87ed-0fd76aeb2538,LOC-WARE-003,PROD006,90,Each,
fd7ab169-663a-4542-ae02-9e759de88005,LOC-WARE-004,PROD001,140,Each,
77d585ec-0cb4-42ea-a315-b8c396b6f14f,LOC-WARE-004,PART003-2,280,Each,
0fd8f5f1-f74d-434f-9666-24125d43a936,LOC-WARE-003,PROD006,320,Each,
90e99dab-718d-4762-91a8-5eccf962f40f,LOC-WARE-004,PROD001,360,Each,
2dcd7ad3-af77-44b5-ae27-2379ab3f3ce7,LOC-WARE-003,PROD008,100,Each,
ddd1ce71-4343-4f74-80d8-8e5fec57c397,LOC-WARE-004,PROD001,440,Each,
60c7e66c-4ee5-4a05-a2fe-c17f5aad4311,LOC-WARE-003,PART003,220,Each,
e0012085-1b64-4977-821a-b07c5a189f72,LOC-WARE-004,PROD006,190,Each,
f1182e28-6f7a-4af4-907d-e2b3823ed25d,LOC-WARE-003,PART003-2,110,Each,
06dc641f-dc48-4845-a86c-ecc2f7d02bd3,LOC-WARE-004,PROD002,190,Each,
02f23b6e-860c-47eb-872f-4db93730eb6c,LOC-WARE-004,PART003-1,320,Each,
2e8aca25-2e92-47fe-81b2-42016ff4757a,LOC-WARE-003,PROD004,400,Each,
1a83d1bb-f514-421d-8569-fb588ad2465b,LOC-WARE-004,PROD007,250,Each,
b02c380a-5ae4-46db-b326-5592cc720f97,LOC-WARE-003,PART002,470,Each,
dcc4a626-4669-4012-b892-43eff3bbf4f1,LOC-WARE-004,PROD002,120,Each,
053ac422-857b-461b-8408-e33fbf34234c,LOC-WARE-004,PROD001,280,Each,
1f09dcd0-72e4-427f-9682-e0c9d65b1006,LOC-WARE-003,PART004,380,Each,
cdd1c780-1057-46c5-9972-926c463b6114,LOC-WARE-004,PART003-3,230,Each,
99ffd739-b9ab-471c-8542-c7390a351112,LOC-WARE-004,PART001,440,Each,
740060af-7f1c-4dad-9a61-82de445a247b,LOC-WARE-003,PROD008,150,Each,
c7429463-47e6-4ccc-8d2b-e1445796d8f9,LOC-WARE-004,PART005,110,Each,
2b2c1674-c9d9-4cc3-a332-27cfa231abca,LOC-WARE-004,PART003-3,450,Each,
9f5ecd40-2e49-44e9-b418-ded1a19e8350,LOC-WARE-003,PROD006,200,Each,
7251119c-eb81-49ac-8b12-a7143de467af,LOC-WARE-004,PART001,60,Each,
95fd58e8-c3eb-4bdd-83bf-bb4cc804d5d3,LOC-WARE-003,PROD006,90,Each,
173643de-42ad-45e1-81fc-dc52a9a92fc6,LOC-WARE-003,PROD002,470,Each,
761599a7-62f7-4fde-9882-759f41c142b0,LOC-WARE-004,PROD006,440,Each,
62a8fc46-91e8-4f4b-a05d-813efe0fdc4a,LOC-WARE-004,PART003-1,70,Each,
c00277a2-3196-44d3-b3f8-6b193682a7c0,LOC-WARE-004,PROD002,330,Each,
77c56fdf-a591-44a8-b0c1-1e94421525fe,LOC-WARE-003,PART006,310,Each,
e97c1e96-9dc8-42a5-a5db-7efdf27771a0,LOC-WARE-003,PART003-3,420,Each,
5f44c136-0552-4f28-a1a0-89114e73ca78,LOC-WARE-003,PROD004,240,Each,
9dcef32a-61bd-4353-9b5f-11a4851f2991,LOC-WARE-004,PROD001,250,Each,
f16651b5-e242-4f1e-b6cb-eb08b6df89ea,LOC-WARE-003,PART001,440,Each,
ff3f1b71-35e3-40a1-a64c-99107c6558c8,LOC-WARE-003,PART006,130,Each,
e7eebd63-7883-478f-a051-81f0227eb341,LOC-WARE-004,PART003-3,330,Each,
541a37b7-a603-433c-9490-c35da08d38a5,LOC-WARE-004,PART004,130,Each,
172a5716-7b84-4c8b-b6de-036926f546b0,LOC-WARE-003,PROD002,350,Each,
4c829a67-0547-4540-b876-0a4008921754,LOC-WARE-004,PROD006,130,Each,
02b6694e-1b49-40b8-8721-98feb2d0db54,LOC-WARE-004,PROD003,250,Each,
95a627fc-f968-4951-b99d-4288d3cee3c9,LOC-WARE-003,PART003-1,200,Each,
e305a675-81f8-48c6-9575-f9390a0438c9,LOC-WARE-003,PROD002,290,Each,
515ae668-f7fc-4427-b14b-c2293f410e1b,LOC-WARE-004,PART005,430,Each,
ad1eef3b-ee33-46ae-a975-3d22e7995e59,LOC-WARE-004,PROD005,260,Each,
8fb6cca9-9af2-4b27-86be-378a89c1b4e3,LOC-WARE-003,PART005,380,Each,
87783559-5ae3-4fe6-958f-4ced945c07af,LOC-WARE-004,PROD001,420,Each,
1ce74d20-557e-4684-a5de-417f41876696,LOC-WARE-004,PROD005,290,Each,
98a536d5-1039-42a1-b745-518af3eef5de,LOC-WARE-004,PROD007,380,Each,
9e7571a3-2cfc-47a5-a977-27bd20b7a34b,LOC-WARE-004,PART004,190,Each,
4dafc052-4af7-4cb9-872e-a7035395be68,LOC-WARE-004,PROD006,190,Each,
b9197a9b-b4aa-441a-8d40-1d9e8eac80d0,LOC-WARE-003,PART003-2,460,Each,
9e37734d-ff0a-4df5-b165-0462ac1d3e2c,LOC-WARE-003,PROD008,120,Each,
2c02e0aa-ffca-4b3c-b0b6-13919e9685b3,LOC-WARE-003,PART003,290,Each,
cd06611d-176d-4e15-aff8-9676f9fc74c7,LOC-WARE-004,PROD006,200,Each,
60187623-c0be-4b0e-b9a6-8704297d2bb4,LOC-WARE-003,PROD004,100,Each,
696d4b29-fbb7-46c2-a8c4-5d0724f1344d,LOC-WARE-003,PROD004,60,Each,
72b3b3eb-6c5e-497c-ac41-efeec1666953,LOC-WARE-003,PROD001,400,Each,
a072d045-a72d-489c-9f73-82bc2652f8a3,LOC-WARE-003,PART003,370,Each,
ba09545e-6abf-4267-9f72-95ce18ce981d,LOC-WARE-004,PROD008,210,Each,
5f03f0f4-21c2-44e4-8f09-7219e568ee77,LOC-WARE-004,PROD005,380,Each,
52047020-5b5f-4934-99bd-caf331e91d54,LOC-WARE-003,PART002,380,Each,
81310a97-f994-48b9-acc0-2fa5b7aece03,LOC-WARE-004,PROD005,80,Each,
f3b11f0e-698e-4aa7-bec9-0485cba1c2ea,LOC-WARE-003,PROD007,460,Each,
d50d9c44-8c9f-45c6-a160-a366bdbb306e,LOC-WARE-003,PART003-2,470,Each,
65ee352c-accb-49c3-8696-024755ed9f08,LOC-WARE-003,PART003-1,70,Each,
638169c4-7a25-417c-8e31-7a1dfda48f4a,LOC-WARE-004,PART003-1,500,Each,
8582e096-d422-4897-a727-3499f2716523,LOC-WARE-003,PART003,230,Each,
006388de-c6bf-474c-b82e-24f2c47cdc0a,LOC-WARE-004,PROD006,60,Each,
831fd6d7-1110-4220-8927-925eb2aaa103,LOC-WARE-003,PART003-1,280,Each,
9b72462a-34e4-4656-b773-b6fedc1871c5,LOC-WARE-004,PART004,460,Each,
a2756d4f-d8d9-4e93-8e3c-22b8b0de2772,LOC-WARE-003,PROD004,500,Each,
40a2043a-08b5-4428-9cf5-931c4de2d368,LOC-WARE-004,PART002,390,Each,
467f0c1f-65ad-4164-99c8-ba9f4c742425,LOC-WARE-003,PART003,360,Each,
49833c7f-eaa2-4331-8516-957b3c2127a2,LOC-WARE-004,PROD001,330,Each,
a807eebe-433b-4442-9463-8c077146cb68,LOC-WARE-004,PART003-3,340,Each,
5e831435-ad93-4b58-999a-2edec7b803de,LOC-WARE-004,PROD005,60,Each,
ba88f247-21a3-493e-831a-737bc6f4facc,LOC-WARE-003,PART002,130,Each,
5fd468b5-3d0f-4c0b-aa74-9673d533e10c,LOC-WARE-003,PART002,270,Each,
be23d1b0-bec3-4c68-8ff5-cb3dacdb465a,LOC-WARE-004,PART006,260,Each,
117b02fd-1879-41db-a297-4206424a99aa,LOC-WARE-004,PROD009,200,Each,
e9594dc9-7a16-49f5-923f-d72ca5ce5110,LOC-WARE-003,PROD005,130,Each,
336acf56-638d-4665-957b-a21d270a2b69,LOC-WARE-003,PROD001,460,Each,
c061e6d7-7401-4518-9d21-51d7b481be85,LOC-WARE-004,PROD008,220,Each,
8c81e54d-f80d-4772-8d1a-0c698a7cd533,LOC-WARE-004,PROD008,200,Each,
cac8707c-b55c-4c49-b9fb-56d0322f51fc,LOC-WARE-003,PROD005,210,Each,
1a8e478a-5ba1-4308-8d58-6212456ec7fc,LOC-WARE-004,PART003,150,Each,
ef04f609-a279-4f64-a61d-1de97175bb6a,LOC-WARE-003,PROD004,70,Each,
b85239c1-202a-4d44-a00c-bccff1a85e5c,LOC-WARE-004,PROD005,60,Each,
ed5ebe9c-19c9-46eb-8927-0408f05f0eb8,LOC-WARE-003,PART004,490,Each,
614a1c33-d06f-4246-9e6a-792a8bac1914,LOC-WARE-004,PART005,490,Each,
20da4bfb-e1b4-4b03-a808-c98da6bd0c45,LOC-WARE-003,PROD001,370,Each,
6780a18c-cd26-4f40-9064-d0a75177af08,LOC-WARE-004,PROD004,170,Each,
7459c06c-d0ff-49ad-a4a9-9c9e72b2d919,LOC-WARE-004,PROD002,350,Each,
204cd90b-560c-4c4e-8763-7197ae850a90,LOC-WARE-004,PROD001,180,Each,
1e50336b-c073-4f74-aec4-c61f4c075c72,LOC-WARE-004,PART003-2,160,Each,
9355c967-3e63-473f-9374-a4fde96ce2e6,LOC-WARE-003,PROD001,150,Each,
449d1dfa-5bac-48b0-a044-40d5e8f171c4,LOC-WARE-004,PROD009,80,Each,
0a6b9bbb-f3f4-45b7-97c5-ddb226c76327,LOC-WARE-003,PROD003,210,Each,
9d6b7d6d-69a2-446b-8f0f-79e348c49cc5,LOC-WARE-004,PROD009,310,Each,
359b2892-27a3-4d2d-9b34-8c26049f748a,LOC-WARE-003,PROD005,140,Each,
27593f36-855c-478d-a9f5-8611b1c988b9,LOC-WARE-003,PROD001,390,Each,
45d15ac6-8e53-4a03-aecd-70843aad78d8,LOC-WARE-003,PROD004,140,Each,
57fc3e81-b452-42d7-a597-bed9707b0ecc,LOC-WARE-004,PROD003,480,Each,
07e572e8-db0d-4051-8a5a-9060263249b0,LOC-WARE-004,PROD004,260,Each,
3ef78447-d276-42b4-8fb1-5ddf2ec6cef8,LOC-WARE-003,PROD003,90,Each,
f96e0903-a776-40e2-85f2-a8d4a969814a,LOC-WARE-003,PROD001,190,Each,
7557511f-e05c-4e80-8869-54b0795b7857,LOC-WARE-004,PROD006,250,Each,
c16cac9f-8bf1-4b2f-849c-e0cb02bf51a0,LOC-WARE-004,PROD004,210,Each,
f5d65527-8f63-4a73-8963-16dd959acbd0,LOC-WARE-004,PART005,260,Each,
47cd5af3-510a-4a8d-a1f0-87f912236f5f,LOC-WARE-003,PROD008,480,Each,
2da53849-6786-4c31-803d-dfc57a360d47,LOC-WARE-003,PROD009,320,Each,
66437c3e-32d1-461a-89de-5a5759b8df8f,LOC-WARE-004,PART003-2,410,Each,
288758fd-7a4b-47d2-8196-d589b0fbad87,LOC-WARE-004,PART003-2,50,Each,
d275854e-9461-4ea0-a84f-455351fce10a,LOC-WARE-003,PART002,360,Each,
0bdaf585-a692-4bb8-b7b0-c1df1a71559d,LOC-WARE-004,PROD007,200,Each,
98e2a519-4c8c-41a5-8ff8-04daeb3f5525,LOC-WARE-004,PROD004,60,Each,
3cfffb59-c313-413d-b796-75c8dabded51,LOC-WARE-004,PART003,180,Each,
66131fc5-1843-4aa4-9f5d-8872755c9540,LOC-WARE-004,PART003-2,110,Each,
4650f388-a471-4830-ab82-9859039e516e,LOC-WARE-003,PROD004,360,Each,
5180c3ca-41a7-4156-b7fa-145e625c30d5,LOC-WARE-003,PROD001,500,Each,
3a2b90f5-40d8-43fb-9ba7-662ed12af450,LOC-WARE-004,PROD005,370,Each,
2b565852-2dc8-4cf9-b8f5-d6ac4cf4c21b,LOC-WARE-004,PART006,190,Each,
69c9f3c5-3999-4529-aeab-124c55e45697,LOC-WARE-003,PROD005,410,Each,
c09efb7d-15fe-4418-ad17-a2d7d03468ad,LOC-WARE-004,PROD009,180,Each,
1ec8fb7b-5c86-4cc2-9cbe-ed7ee88b1e22,LOC-WARE-003,PROD007,410,Each,
cd27d38d-ed51-407e-8a72-48bd95d0d8b4,LOC-WARE-004,PROD005,110,Each,
158c9b4a-09f7-4a19-98b3-c26b536b8f4f,LOC-WARE-004,PART003-1,270,Each,
c11c16f0-b680-48ec-bc99-7921b5c75841,LOC-WARE-003,PART003-3,400,Each,
5d4c5244-dd4d-414d-b622-9e3799e57fce,LOC-WARE-004,PART003,50,Each,
26d3588e-d615-4047-a114-b6287ad5d6d1,LOC-WARE-004,PART005,460,Each,
a129c5d0-0019-439d-bba4-856d0cf5b349,LOC-WARE-003,PART002,470,Each,
1c63042f-3c25-42f8-aa4a-f7db143d9871,LOC-WARE-004,PART002,320,Each,
a58ae45c-a428-4f96-af8a-1e9fa4643e99,LOC-WARE-004,PROD009,50,Each,
3445917d-bc33-4cfc-827f-b3cafaa173ee,LOC-WARE-004,PART004,500,Each,
4bc819aa-d964-4c4f-b28b-ea09b4bc0cbf,LOC-WARE-004,PART006,120,Each,
32eb1965-30c1-409c-b627-8686931a8fc2,LOC-WARE-004,PROD006,250,Each,
a1e2df40-af2f-4375-ac49-46aa63d3c742,LOC-WARE-003,PART003,160,Each,
184eddb3-6641-4377-b907-c44ce69ebb0f,LOC-WARE-004,PART003-3,100,Each,
e01190b0-7d9d-4438-aa98-50e9d50bfefa,LOC-WARE-003,PART003-1,310,Each,
bbfab56b-7d2c-4895-9724-9b2e6c6030d2,LOC-WARE-004,PART001,150,Each,
e90333d9-4dfe-4e41-aa28-2ed8fc2f91ea,LOC-WARE-003,PART002,470,Each,
81bda7ef-d6e2-46e1-88cd-7ef957654aeb,LOC-WARE-003,PROD003,90,Each,
50087206-1ac8-4638-a860-7406fbfe511e,LOC-WARE-004,PROD005,500,Each,
5c726c4c-cbb0-4b67-8598-9472d072daa8,LOC-WARE-004,PART001,350,Each,
192dd255-841c-4afd-9c55-7ba88ebef683,LOC-WARE-004,PART006,210,Each,
a71ef310-023c-4de9-afdb-1607b5ccfed8,LOC-WARE-003,PART006,230,Each,
63a3c5da-4880-4da0-979f-176e7ece33e2,LOC-WARE-004,PROD002,480,Each,
1df8cdfc-7505-419e-aa16-8aa4524de6b5,LOC-WARE-004,PART005,360,Each,
808c57dc-7e77-4122-8ab6-566bcc0ff1c8,LOC-WARE-003,PART002,110,Each,
81673ff0-4998-4bad-ab68-5d4d9fab80e0,LOC-WARE-004,PART005,460,Each,
4b9936f7-e0c5-4bd8-9144-987ef87072df,LOC-WARE-003,PART002,440,Each,
83459c69-6364-4633-b6bf-a66b52e3b205,LOC-WARE-003,PROD001,380,Each,
eafca42b-bc51-47b2-bf00-cc9fc568514b,LOC-WARE-003,PROD004,60,Each,
da3c388a-aae8-460d-80b7-29ecca80ff3e,LOC-WARE-004,PART002,260,Each,
b31b29ed-6cf2-434e-b972-8bd8ec7e87f7,LOC-WARE-004,PROD009,280,Each,
6013a2ec-0304-47de-9616-e6f9b1ec0beb,LOC-WARE-004,PART001,490,Each,
cc106b55-40a2-487c-bfec-07b204a2c76d,LOC-WARE-004,PROD006,360,Each,
21583ad9-47ea-46d5-bdef-6285589cde0b,LOC-WARE-004,PROD008,490,Each,
3afe5202-a131-4a5e-9b2c-791df35be830,LOC-WARE-003,PROD002,100,Each,
aec37500-e094-47c7-a609-5c6de24262a0,LOC-WARE-003,PART005,100,Each,
fca8b3fc-b104-4d6b-816e-f5ca610f6f58,LOC-WARE-004,PROD001,460,Each,
d60d2689-c52b-4849-bffe-90f6f9221b94,LOC-WARE-004,PART001,390,Each,
4b8b24bc-5554-4174-8bd2-4b08c924afcd,LOC-WARE-003,PROD006,90,Each,
d61d79ce-b225-4bb8-8aaf-3091eb3a1e11,LOC-WARE-003,PROD007,310,Each,
331f2340-cd28-49c6-929c-904711f7df88,LOC-WARE-004,PROD009,200,Each,
cfa087c2-9385-424c-9844-b5d1a3d1d98c,LOC-WARE-004,PART006,400,Each,
680b02af-bcc0-47b2-a700-a9b3d3d41b1d,LOC-WARE-004,PROD002,260,Each,
e35305e1-b9e1-4fdb-af5a-d7440ba04802,LOC-WARE-004,PROD002,310,Each,
aca8e3ec-fa90-4673-ace7-34c335bb0e73,LOC-WARE-004,PROD003,270,Each,
a90f26ee-430c-48a7-aa91-8970cd41ec9d,LOC-WARE-003,PART002,390,Each,
4d505f5e-d483-4c95-9ee5-193bc9ee38d4,LOC-WARE-003,PROD001,100,Each,
b487565c-3928-4e42-adb5-582e31f9551c,LOC-WARE-003,PART005,100,Each,
9e671083-a91c-4a2d-a222-f17cae1c592c,LOC-WARE-004,PROD007,500,Each,
914d7134-275e-4906-9682-a9c12bad5654,LOC-WARE-004,PROD008,470,Each,
c92538f2-cca4-48eb-ab27-ec9bc3e1ff16,LOC-WARE-004,PROD002,480,Each,
d49cef72-6e36-49c3-a2c2-7ccaaa6d0f22,LOC-WARE-003,PART003-1,280,Each,
57002eb2-4bbd-4f25-b1b3-0779cf451192,LOC-WARE-003,PROD001,60,Each,
60e88d0c-c598-44e3-a71e-251167d63f64,LOC-WARE-003,PART005,400,Each,
20f6a375-c53d-4b14-98e6-f1c952ecb359,LOC-WARE-004,PART003-2,120,Each,
0b638794-abea-4ed6-b81c-8d7dae045bc9,LOC-WARE-003,PROD003,100,Each,
ce4aaaaf-6464-4f70-8b59-4bc04b4da156,LOC-WARE-003,PROD008,450,Each,
69c50bd1-7314-4b1d-a4af-84db6fbda7dc,LOC-WARE-003,PROD002,160,Each,
afa93d2c-fdfd-4a86-afca-f9c37b276f1c,LOC-WARE-003,PROD005,60,Each,
fbdbca02-2e95-40bd-a1c3-5482c5e4efab,LOC-WARE-004,PROD002,330,Each,
0a431551-a751-4921-88a8-34fc8d7e6678,LOC-WARE-004,PART002,140,Each,
c65b6baa-7007-430d-801b-e1f3e83f45f3,LOC-WARE-004,PART005,220,Each,
4ab1a14f-694a-45e8-b22c-ad6b9c057226,LOC-WARE-004,PART006,230,Each,
6dc4b7c3-0fb9-4f72-a422-633e195dd91a,LOC-WARE-003,PART006,500,Each,
6f5b93e7-748c-4e1a-bdb0-fa2e67140a7b,LOC-WARE-003,PROD003,180,Each,
11ca6cc1-2af7-466b-bb29-2f7a15a13907,LOC-WARE-003,PART001,170,Each,
d9b50c6c-12ee-4b52-a36f-f1906ad7431f,LOC-WARE-003,PART003-1,480,Each,
ea3d402c-e74c-4b39-8c05-f82f574d4e42,LOC-WARE-004,PROD008,190,Each,
af971623-9443-4990-b64a-b094e1a12452,LOC-WARE-003,PART003-1,450,Each,
2c029e43-174e-406d-9e84-bad58b621a7d,LOC-WARE-003,PART001,430,Each,
c72ae9f5-3ff8-4fd0-ab29-22b7ef7a269c,LOC-WARE-003,PROD006,60,Each,
c59eef9f-1e59-45f4-9e19-b000832788e4,LOC-WARE-003,PROD006,370,Each,
f2a32e86-99b1-4a48-9883-9879995e5059,LOC-WARE-004,PART006,50,Each,
70aa22f9-8108-4e21-8700-7689972aca17,LOC-WARE-003,PART003-3,500,Each,
b060c994-d1cb-4221-be02-8170b1be2195,LOC-WARE-003,PART003-2,110,Each,
161bb182-1e0b-4136-bf94-e097872296bf,LOC-WARE-003,PROD002,380,Each,
cc32ff8b-0aa2-490d-9b5d-8b46799949c3,LOC-WARE-003,PART005,150,Each,
781b2151-2e03-465c-9091-c1999e92881d,LOC-WARE-003,PART003-2,170,Each,
68f39073-aa5d-407a-9b8d-ac9d8f732d48,LOC-WARE-003,PART005,120,Each,
31a6532e-7a05-4619-8e37-46d6a304c835,LOC-WARE-003,PART005,270,Each,
ec9e0806-5bc9-40da-a9ab-664407d64cc5,LOC-WARE-004,PART005,310,Each,
b08eca88-c0a5-48ee-be00-dda337db21bf,LOC-WARE-004,PART002,450,Each,
2ac213e4-6f25-4112-a308-06d2efec79b5,LOC-WARE-004,PART003-2,100,Each,
fd7148e5-1b65-4927-8129-cd34f151fd5b,LOC-WARE-003,PART004,420,Each,
e5df10aa-109e-4c01-9f14-05859d8cae0f,LOC-WARE-004,PROD008,120,Each,
678ef45a-d846-4823-b1a3-9334ce0c65e4,LOC-WARE-004,PROD004,160,Each,
87d7f47b-715e-45ed-86c1-b99f70424bae,LOC-WARE-003,PROD002,180,Each,
c002503f-d62a-4e67-801d-cc86dd30b8f8,LOC-WARE-004,PART006,190,Each,
1743cc86-be3a-4272-9723-3c5bfe17c984,LOC-WARE-004,PROD001,380,Each,
dca835b9-6746-4dfc-a7d8-81ed07663379,LOC-WARE-004,PROD003,320,Each,
a03bf928-3253-4e30-bb1f-73d161eb7fbb,LOC-WARE-004,PROD001,120,Each,
41766af5-4e63-461c-a083-446372dd3fda,LOC-WARE-003,PART004,420,Each,
930d5c26-9694-4a35-9647-836300c324c9,LOC-WARE-004,PROD003,410,Each,
8b49d297-8c70-4bcf-8661-ff72b50a68e3,LOC-WARE-004,PART005,320,Each,
5f2fd189-a5bb-4c03-8835-5119fbe3b296,LOC-WARE-003,PROD004,220,Each,
2a889993-56e3-4bc6-b84b-9f055e48aed3,LOC-WARE-003,PROD007,360,Each,
6e8c9aea-b06c-4783-b25e-71874360f761,LOC-WARE-004,PROD003,50,Each,
651e99a4-c099-4bd6-8852-d17d586cd4ba,LOC-WARE-003,PART003-3,310,Each,
2ff8cebd-5589-4d70-aae4-caa3f5ce275c,LOC-WARE-003,PROD006,310,Each,
62cbce8a-131f-4a4f-bae7-043eb135cfed,LOC-WARE-004,PART005,230,Each,
dcce3b46-003d-40c0-8074-fc74c3403bd2,LOC-WARE-003,PART004,300,Each,
f651a357-bed7-4d38-b8c0-6b6b7d21cc33,LOC-WARE-004,PROD006,400,Each,
4ac25d1e-fab4-44f8-a1ef-c13cae968074,LOC-WARE-004,PART003-2,450,Each,
f58e1b15-ad79-4344-a5c7-64ab54966b17,LOC-WARE-003,PART002,120,Each,
bc2ae26d-e4e3-4949-aaa8-700fa8cdc19d,LOC-WARE-004,PROD008,280,Each,
8e1c8c72-4af4-4119-8f3f-ce79f6ba53df,LOC-WARE-004,PROD002,430,Each,
57ffd5af-3a3e-426a-94bb-60edff5e1196,LOC-WARE-004,PROD002,500,Each,
54c893eb-4c74-4e67-bf0e-a47141203718,LOC-WARE-003,PART006,420,Each,
4c5ec7bb-18f8-4329-a049-879922a3029e,LOC-WARE-004,PROD007,460,Each,
208b7457-9e2a-45bf-bc43-7c9d180e880b,LOC-WARE-003,PROD009,150,Each,
b3d12fde-a101-4537-b178-2b6c533dbbd6,LOC-WARE-003,PART003,240,Each,
3baca3da-0c1c-472b-8593-2d31a0eeaee7,LOC-WARE-004,PROD004,230,Each,
6fb2789e-3c97-43cc-ba03-0c126f04aa43,LOC-WARE-003,PART003-2,420,Each,
448f2269-d111-4744-a4ef-e58e97de7f94,LOC-WARE-004,PART001,230,Each,
92be8316-48e1-4d5d-b065-b6e5b3e7d5b9,LOC-WARE-004,PART003,120,Each,
64e9a8c8-a444-43c7-b0de-3072985ed62b,LOC-WARE-004,PROD008,350,Each,
a5d41174-009d-453d-b004-9a00473fe91b,LOC-WARE-004,PART003-1,500,Each,
195ee327-fb9c-4d79-80f3-bb7d5a7cd407,LOC-WARE-004,PART004,130,Each,
50616aa0-8fd6-4f0c-b577-4aa597731fdc,LOC-WARE-004,PART003-3,420,Each,
88f8168a-017e-42f2-9ab6-b6c61d6bdd52,LOC-WARE-004,PART003-3,270,Each,
787bb1b8-960f-4b9b-a0a4-c3490bbf7edc,LOC-WARE-004,PROD009,500,Each,
d0ba541b-1193-4fb3-97de-724d4e626fcf,LOC-WARE-003,PROD006,330,Each,
fec5c13d-676c-437d-9541-e01c86652e7d,LOC-WARE-003,PART003-3,70,Each,
f0e179a2-0dfc-47dd-9827-99b605045d86,LOC-WARE-003,PART003-2,460,Each,
605f6d02-c847-4bfd-b7bf-1733da2b02c6,LOC-WARE-003,PROD002,440,Each,
03045657-4089-4da8-9b88-874df9f2c15c,LOC-WARE-003,PROD001,280,Each,
04523004-5224-459f-87e6-0582a37b0fad,LOC-WARE-003,PART001,390,Each,
373ee25a-e7bf-449c-bd5d-aca2869fe67f,LOC-WARE-003,PROD001,380,Each,
64a87ee7-faed-4d56-917a-e79ce071ba96,LOC-WARE-004,PROD002,180,Each,
ffab73f8-f897-4acd-b811-e10c27d97e8d,LOC-WARE-004,PROD006,240,Each,
3e101671-23a2-4858-b0cd-449ec36ca946,LOC-WARE-003,PART003-2,70,Each,
52eb28b8-7ee2-48fd-86ac-d29cf76b8039,LOC-WARE-003,PART004,450,Each,
1932b5a7-9ebc-47d1-abfe-27d7a4e2444d,LOC-WARE-003,PART006,210,Each,
8a17b8a1-3d77-4cb4-a590-351eebb63806,LOC-WARE-003,PART002,160,Each,
4e2fd0b0-e2e0-4bb2-8444-1f7825ad9b48,LOC-WARE-004,PART004,260,Each,
e70e42ad-8d9c-40c5-8bef-ae4be3c7b9bc,LOC-WARE-004,PART003-3,80,Each,
ac76bb03-52dc-4dde-ad05-90dd7b686de9,LOC-WARE-003,PART001,210,Each,
ae5f62b1-5180-4f5b-8285-ceb85030df1b,LOC-WARE-004,PROD004,320,Each,
669def46-32a5-4152-ab8d-93ec8583ef8e,LOC-WARE-004,PROD007,190,Each,
11221d1f-d1f4-483b-8262-b6103438eed0,LOC-WARE-003,PROD003,240,Each,
e848b2aa-9329-4dcf-909c-4ba99ba5a8b5,LOC-WARE-004,PART003-1,190,Each,
83ed0cd3-423b-4f30-9d51-cc251dd15e45,LOC-WARE-004,PART004,500,Each,
b59829d9-c572-494f-aa34-d11d4ab377da,LOC-WARE-004,PART001,370,Each,
f2ae82de-5171-4ded-bd35-cdb6a2528b88,LOC-WARE-003,PROD004,450,Each,
e0378614-dd9c-4925-8363-beb2bfc2ee3e,LOC-WARE-003,PART003-1,450,Each,
e9e5e8cc-c3a6-4571-9437-1dafbc63ca37,LOC-WARE-003,PART005,360,Each,
9e3359b6-5992-4a79-8fc4-687bbc62e0ee,LOC-WARE-003,PART003-3,110,Each,
b50467a0-01e7-4d72-83f9-1f62d3d4d8ad,LOC-WARE-003,PART003-3,340,Each,
d269b20b-4cf6-4f15-9bc0-4721fb78ef82,LOC-WARE-003,PROD003,430,Each,
0ce03477-b0a0-4d81-81c5-d9443770b1c3,LOC-WARE-004,PART005,190,Each,
e996c9b5-8303-46a9-814b-155e1e36f26b,LOC-WARE-004,PROD003,470,Each,
debb2250-8928-40ce-a6a0-be599a3e5101,LOC-WARE-004,PART006,70,Each,
6878ffdf-c067-43e3-9946-6c853b02cf8f,LOC-WARE-003,PART003,450,Each,
cf60fa6f-136c-4e93-a6ef-ee8eff0aa8a1,LOC-WARE-003,PART001,380,Each,
6104bec7-924c-4fbe-a3f8-7297433b7e31,LOC-WARE-004,PART004,260,Each,
2812d2b5-1ace-43c8-a34b-b1ec169bdff2,LOC-WARE-004,PART004,290,Each,
fd5df8fc-0566-482a-a017-21cd96a8bb3f,LOC-WARE-004,PROD008,150,Each,
7fcbe719-0432-4200-8650-53ea3fc1c4ca,LOC-WARE-003,PART001,300,Each,
8adf8a06-dd76-4a9e-899d-ff0d4b3bd807,LOC-WARE-003,PROD005,200,Each,
03cbed23-735c-4c09-b1f8-677e34bdc606,LOC-WARE-004,PART004,410,Each,
0ae2ea68-991d-4a53-8f52-f8e1878ea65f,LOC-WARE-003,PROD002,500,Each,
469d4f7d-cebe-4f96-a4f8-b57422bcfdf5,LOC-WARE-004,PART003-2,500,Each,
9823a91e-1e7d-4db8-b98f-2aa5fe031c9f,LOC-WARE-004,PART003-2,280,Each,
9a650578-c496-40eb-b37b-594d3f65183f,LOC-WARE-004,PART006,240,Each,
bf7a6d33-d826-4953-8715-ffb25a9bccd1,LOC-WARE-003,PROD003,420,Each,
a5c3a03f-758f-41ed-bbd9-451aed2e089a,LOC-WARE-004,PART002,100,Each,
4bfb16e0-edd5-4eb1-8721-86a5c535b901,LOC-WARE-004,PROD004,320,Each,
6f865a84-63a5-4808-b6fe-b6f6c12d3ffd,LOC-WARE-003,PROD001,240,Each,
c56aa95b-5a31-4bf5-9ca5-efe3e04c4b0e,LOC-WARE-004,PART002,370,Each,
040e7d66-3c10-40c7-9e0b-92c1b7a72287,LOC-WARE-003,PROD007,440,Each,
67f16a78-80ce-4a22-adc0-2c52889f9441,LOC-WARE-003,PART004,360,Each,
6d45aadf-23ba-466e-b233-14e6bc075013,LOC-WARE-003,PART003-2,470,Each,
26123f94-cc54-438c-bf35-7c2127da6435,LOC-WARE-004,PROD004,500,Each,
9c6e38c8-11c2-4864-93ee-682810aed96a,LOC-WARE-004,PROD007,260,Each,
256c844e-cbab-46d5-8ed8-71ae209bfe7b,LOC-WARE-003,PROD006,360,Each,
f77f3400-df42-4dc9-8074-5785c33450f6,LOC-WARE-004,PART003-3,440,Each,
9be44f8d-7f11-4835-a921-3afaae26e8c7,LOC-WARE-004,PROD001,390,Each,
8560412c-ecb2-4833-a930-ac6918dc87de,LOC-WARE-004,PROD003,400,Each,
bbad2ae8-fbe1-4d3c-82c4-46e94431910b,LOC-WARE-004,PART004,360,Each,
9c1c483c-bf43-447f-9aeb-9e72508d9c11,LOC-WARE-003,PART003-2,70,Each,
4b5c61b1-5a3e-4070-80db-5df5cabc47c5,LOC-WARE-004,PROD009,150,Each,
ce6b84cd-2a70-42c6-bcc6-4bb84760e25d,LOC-WARE-004,PART003-1,460,Each,
18958934-3400-4209-a710-0e9ad6be8929,LOC-WARE-003,PART005,430,Each,
741a53e3-dfe1-4cdf-b9eb-d4a452e9edb1,LOC-WARE-004,PROD001,360,Each,
3af9f724-eba4-4fec-a78c-e42a5a430648,LOC-WARE-003,PROD009,220,Each,
b045cab2-e4cb-47c1-a2bc-f30a9f3b7d64,LOC-WARE-003,PART006,210,Each,
873c46b7-e3ac-4758-a733-705db254dbda,LOC-WARE-003,PROD005,340,Each,
f3ecf11a-f811-42ff-b5f9-34f4a6ba4b0a,LOC-WARE-004,PROD005,140,Each,
9a126a2f-09aa-486f-a88f-b43bfc3d2865,LOC-WARE-004,PROD007,250,Each,
6223949e-2a6f-4169-9fe4-cec07bd4cfb0,LOC-WARE-004,PART003,450,Each,
16106fe5-cc57-4983-bcd3-9ee27e300cb2,LOC-WARE-003,PART002,400,Each,
dc82f81c-8531-46ef-b928-f3eefa710e99,LOC-WARE-004,PROD008,470,Each,
d80c05f8-cfe3-4c79-aacb-203be3ba052f,LOC-WARE-004,PROD009,80,Each,
becd8e2c-b42b-4f57-ad0d-691d6c243e4d,LOC-WARE-003,PROD007,90,Each,
b37783c9-a3c5-454c-aa55-cea8badbf75e,LOC-WARE-004,PART006,110,Each,
e31596be-897d-4666-92e2-a065b47d51e5,LOC-WARE-004,PART003-1,120,Each,
6c756f29-0718-432a-9ba7-647a4e360fa1,LOC-WARE-004,PROD003,60,Each,
1d0bfb35-70d8-46d2-a51e-939a158220a8,LOC-WARE-003,PART006,330,Each,
959af837-4932-43b5-af5b-67ff51585d9a,LOC-WARE-004,PART006,270,Each,
60a9c650-78ad-4a38-8159-388c728e3e94,LOC-WARE-004,PROD008,280,Each,
83718ddf-1416-4e58-a9f6-c1f2f933d882,LOC-WARE-003,PROD008,200,Each,
0bd53a3a-9f1c-4905-b1eb-a6446c3a9ed0,LOC-WARE-004,PART004,400,Each,
844044a7-619f-4c82-bb6a-ad748c4dcc4d,LOC-WARE-003,PROD006,180,Each,
e38a22f5-d678-4bfe-a902-95972830193c,LOC-WARE-004,PART005,310,Each,
2966f8f4-1d46-40fe-aae3-c93176cf313e,LOC-WARE-003,PROD008,460,Each,
2f872a2d-bcf9-4b8e-8967-9d0ec8da1a49,LOC-WARE-003,PROD008,400,Each,
f1b139fd-7d54-4019-99f4-8413b0f6c0e3,LOC-WARE-003,PROD004,500,Each,
5b6c5213-a8be-4308-9b26-92272b6ba96b,LOC-WARE-004,PART003,180,Each,
2ffbf73e-b9ab-449b-9e9c-dd3a44c0f35d,LOC-WARE-003,PART004,50,Each,
21f0142e-7c5c-4fca-ba13-adbd584d662b,LOC-WARE-003,PROD007,60,Each,
064d81b6-b774-4bdb-bf8e-79ac305ebfa7,LOC-WARE-004,PROD006,70,Each,
377f3406-29fe-489f-8ba8-efd71430d9d8,LOC-WARE-003,PROD001,190,Each,
40e7b0d5-c80b-43de-8c93-b4cafd0f15c9,LOC-WARE-003,PROD001,440,Each,
534a2574-bb30-4966-b9d1-e825a259e1ea,LOC-WARE-003,PART001,160,Each,
b3a1136f-7f34-40d1-9402-6e00c10adf2b,LOC-WARE-003,PART003,480,Each,
453dcb6c-75b7-45c2-a014-4d8825787f99,LOC-WARE-004,PROD006,340,Each,
24895fbe-440c-4ec0-ba08-ca4334c6584b,LOC-WARE-003,PART005,260,Each,
5e0a4519-ae78-49dd-933d-ad0df6463b53,LOC-WARE-003,PART004,480,Each,
08ca1196-e1f4-43f1-9cdd-4a977af81aef,LOC-WARE-004,PART003,400,Each,
77f6f522-6ae3-4321-a195-1f92c516c8d7,LOC-WARE-003,PROD002,360,Each,
367ff71d-6836-4574-a80e-22fe5c653ec4,LOC-WARE-004,PART003-1,400,Each,
bcd483fc-f892-4218-a5a8-b86266b92ca9,LOC-WARE-004,PART005,60,Each,
b2b50a3d-1cf1-49b5-82e1-edf6cf9433d0,LOC-WARE-004,PROD001,360,Each,
1234859f-519b-42c4-b172-5b272cee9b94,LOC-WARE-003,PART004,230,Each,
f8bf605c-fdcb-4f24-9836-00dc0ffc000c,LOC-WARE-003,PROD005,120,Each,
7ae4cb70-5199-4b25-b388-478ccc3f8d79,LOC-WARE-003,PART003-2,200,Each,
fbcd1a23-7a4d-47cf-b462-5d2ca1702c49,LOC-WARE-003,PART001,160,Each,
81a32dc0-58e4-4335-b9c8-1d9b82db6aff,LOC-WARE-003,PART001,320,Each,
73043059-838f-4cb3-a7f8-0a96f54b626a,LOC-WARE-003,PROD005,280,Each,
499eee05-218a-4c92-a82c-12b0e54546ec,LOC-WARE-004,PROD002,130,Each,
fd6245e0-f080-4127-b39f-910da30f1823,LOC-WARE-004,PART003-3,290,Each,
4a60d861-d158-4fd8-b887-41fcb295d474,LOC-WARE-004,PROD008,350,Each,
44820934-a58c-42c4-888b-a1bd9f391248,LOC-WARE-003,PART005,290,Each,
8e304d53-1fdd-427e-bda4-79ec60b7b9e8,LOC-WARE-003,PART005,470,Each,
6c490824-b7fd-4566-b1bf-ddf74214f691,LOC-WARE-003,PROD004,280,Each,
793eeffd-30ba-4642-b4d7-c417d631e05f,LOC-WARE-003,PROD009,110,Each,
f041b0c2-e3ed-440e-8d24-beb3200abfd3,LOC-WARE-004,PART003-3,270,Each,
9fa6e2dd-3afd-4983-bda2-78312f705e75,LOC-WARE-003,PROD008,220,Each,
c7f821b6-4c6a-45c4-adb0-729e5ce2ee89,LOC-WARE-004,PART002,330,Each,
e6620825-7e99-4477-904a-60667afbdbdf,LOC-WARE-004,PART003-1,120,Each,
bc8f705c-aa4a-49e7-b6ce-3392fd56e9ad,LOC-WARE-004,PART003-1,170,Each,
a072c4e4-f640-45f5-a156-b27c97bacf4c,LOC-WARE-003,PART005,250,Each,
a7c2bff8-de74-4c69-a830-cf5f7b814d1d,LOC-WARE-004,PART003-1,240,Each,
f3355ad2-1e50-4e32-8178-f0542def7ec4,LOC-WARE-004,PART003-1,400,Each,
803f1157-d242-45bc-aa6b-2e87080048f0,LOC-WARE-004,PART003,270,Each,
795c8504-2a43-4a6c-b436-c76e656b9240,LOC-WARE-004,PART003,170,Each,
4aa841f3-7659-4470-982e-856a34774ee9,LOC-WARE-004,PROD001,190,Each,
6a65b545-756d-4767-ad76-e34818076ece,LOC-WARE-003,PART003-2,200,Each,
5fbc920c-7074-45ec-9053-1dcab46c7ae4,LOC-WARE-004,PART002,220,Each,
1d9e359f-1715-47c3-9bbe-fe394e02fdfc,LOC-WARE-003,PART003-3,110,Each,
c4febc37-bf5f-4cdb-9af0-dfd2ffe12b9a,LOC-WARE-004,PART004,470,Each,
ffb240a9-e312-4d30-8136-7eabef53af48,LOC-WARE-004,PART004,120,Each,
b088f5ac-2ad8-4a96-9f14-1188a549a6bb,LOC-WARE-003,PART003,420,Each,
3c3fe48d-3d0b-477d-91c2-0590e042eb10,LOC-WARE-004,PROD003,50,Each,
3d539e96-2d8a-4bee-b13f-c1eaf6475be4,LOC-WARE-004,PART001,240,Each,
e7a8be45-b8b1-401f-acf4-ebf443477259,LOC-WARE-003,PROD008,380,Each,
13321e1c-26d0-41e6-a7b6-30b573304837,LOC-WARE-004,PROD001,280,Each,
a2576de1-fdc0-469d-8ed1-c010a075885e,LOC-WARE-004,PART003-1,110,Each,
b9d15bb0-db09-4a9d-9b5b-75cf07374882,LOC-WARE-003,PROD007,430,Each,
04c86451-335f-4d8f-bf01-e828559e8340,LOC-WARE-003,PART004,380,Each,
7611d711-eb1b-4b09-b077-79e94afab87f,LOC-WARE-004,PROD008,410,Each,
13c5b6f2-9e63-403f-b2c4-654cc7e52bb3,LOC-WARE-003,PROD004,290,Each,
1dce08de-ae78-4097-bac7-9f9aad515b4c,LOC-WARE-004,PROD005,100,Each,
037a6b4e-bdd7-4e38-92ce-411adc718e1c,LOC-WARE-003,PART004,410,Each,
5b531c77-89b4-4c6a-9ddf-3a3d7a0b7cf2,LOC-WARE-003,PART004,190,Each,
60127cc7-b200-49f7-8ecc-d5564195a46f,LOC-WARE-003,PART001,490,Each,
2e3b67ce-60b5-4871-a0cb-634db08e37e6,LOC-WARE-004,PART003-3,110,Each,
60e2827c-0468-488d-8f01-c0a0d228ea01,LOC-WARE-003,PROD002,440,Each,
6ab46b36-01d5-456a-8f3b-6b358d817856,LOC-WARE-004,PROD002,350,Each,
0429a22e-f5f4-4a3d-b836-34e1020e47c2,LOC-WARE-003,PROD008,200,Each,
c0370e55-274c-454b-b784-c8820148a743,LOC-WARE-003,PROD004,440,Each,
f933598e-7344-4414-943e-e671d548858d,LOC-WARE-003,PART003-3,110,Each,
8aebf6fd-5ac8-4d4a-9cc7-aa3dd6dc89b2,LOC-WARE-004,PROD005,170,Each,
9769d633-da5b-44b0-9dc7-d025eb381e80,LOC-WARE-004,PART005,60,Each,
c4d1c0f1-5734-4632-a056-4b9c8064dd7f,LOC-WARE-003,PROD001,90,Each,
c00793db-21e6-4f55-9cc9-6630d56cac3d,LOC-WARE-004,PART003-2,150,Each,
053846b2-0b63-40aa-b793-ebcb7c45bef9,LOC-WARE-004,PROD009,330,Each,
0ef3079d-7292-4777-a598-cae771096be2,LOC-WARE-003,PROD001,350,Each,
bc5807c1-057b-4d4a-b16c-0da4471679d5,LOC-WARE-004,PROD002,190,Each,
73888345-a713-4a3d-a22c-c1c72a296893,LOC-WARE-003,PROD008,110,Each,
b1fd3524-882d-49c3-ae67-c02aa1ff8e22,LOC-WARE-004,PROD002,490,Each,
2018486c-6338-4c16-afc0-fdcae22017d3,LOC-WARE-003,PART006,300,Each,
6f5cb674-4f08-438a-9e1f-c783da77d9c7,LOC-WARE-003,PROD007,500,Each,
9f8094c3-fd65-462e-b0e3-d51a68453554,LOC-WARE-004,PART003,140,Each,
79198099-7e42-4dc4-986d-c758f47b84cd,LOC-WARE-004,PART003,390,Each,
071f1d7a-24a8-4bf4-9e7c-a540730a0403,LOC-WARE-004,PROD007,330,Each,
6e0b6d56-5a00-48c1-84d4-11659022333c,LOC-WARE-004,PART004,70,Each,
6d93f498-6197-47d5-bfd0-8d64627cb443,LOC-WARE-004,PART001,50,Each,
dd029b11-1799-4a77-91ea-8af44879ae60,LOC-WARE-004,PROD002,80,Each,
53515310-4b02-421e-8022-f99d405adade,LOC-WARE-003,PROD002,430,Each,
fcb0b2fa-36e5-49a0-9bc9-95678e806029,LOC-WARE-003,PART003-2,90,Each,
7b021fcb-9bc8-4c3d-b02d-77753803fcb5,LOC-WARE-003,PART005,370,Each,
abd6f8d1-3803-4055-8482-2f25df27517f,LOC-WARE-003,PART005,200,Each,
91e8800f-eedb-42fd-8137-5c7922fcfa9c,LOC-WARE-003,PART001,400,Each,
4550ebb4-a348-42eb-bb27-e4b05c134ff0,LOC-WARE-003,PART003-1,60,Each,
f8dc440e-3268-4a74-af7a-73d3525b9592,LOC-WARE-003,PART003,270,Each,
625b9152-6d54-4985-8044-dd7a25d6fa31,LOC-WARE-003,PROD001,380,Each,
4d9072b9-875d-4d08-a62f-e3f10dbb9fa7,LOC-WARE-003,PROD003,460,Each,
a9ebcdec-43a0-4b95-b690-caf9a13925e2,LOC-WARE-004,PART003-1,350,Each,
d16a654b-a8f9-4cb0-a806-3b896bf049f2,LOC-WARE-003,PART005,290,Each,
c05a484a-58d5-4342-a725-9b2ebd37781d,LOC-WARE-004,PROD004,380,Each,
9ce579c0-bb12-418e-aecd-2df92070cd8e,LOC-WARE-004,PART003-2,390,Each,
97b3a96f-f289-49a5-af98-fe0f75ad8173,LOC-WARE-003,PART005,220,Each,
4cc59bab-59aa-4817-94ae-49fa9e2ed3f1,LOC-WARE-004,PROD007,310,Each,
999eccc6-26be-4763-946e-fdf53d2d6fef,LOC-WARE-003,PART004,430,Each,
07f770ee-859e-41dc-92b1-e4e3e3787d6b,LOC-WARE-004,PART006,440,Each,
6036fae6-8e24-4333-897f-d31dab4e0158,LOC-WARE-004,PART003-1,170,Each,
e4d28180-7738-4039-873d-1e42af0a8aef,LOC-WARE-003,PROD003,360,Each,
9513f600-87c3-45d8-9eac-5189ae468dfc,LOC-WARE-004,PROD009,360,Each,
d228fc94-9a06-491d-ab84-71a9642fd41c,LOC-WARE-004,PART001,330,Each,
b7516c29-4271-4f36-ae72-fd329a4a7e29,LOC-WARE-003,PROD009,290,Each,
a2922dc9-d5cb-4b3d-b908-a4f32c744dbf,LOC-WARE-003,PROD009,70,Each,
e73294ac-3abb-4a8c-b3e8-95741642e1c0,LOC-WARE-004,PROD004,380,Each,
bfa1e55e-1dc8-4e25-8458-0a20e9de7c81,LOC-WARE-003,PROD004,280,Each,
32469856-e5a0-4bf1-88a9-7208f8dc46ed,LOC-WARE-003,PROD008,300,Each,
95207a5b-5dd2-4b0b-9867-1d5258beb670,LOC-WARE-004,PART002,370,Each,
540b2b77-1bae-4a74-8253-b2dde556d4b6,LOC-WARE-004,PROD006,340,Each,
d4f76a84-6da9-4542-a646-da081676f033,LOC-WARE-004,PART002,450,Each,
e9ee0350-81d5-4f89-a9fe-c9b4131e82d7,LOC-WARE-004,PROD005,370,Each,
8a035931-062c-4c0f-8ccc-d0d6fbbcac2a,LOC-WARE-003,PART006,400,Each,
31e7e92b-6318-4159-81c5-d65fc6283ba1,LOC-WARE-003,PART006,430,Each,
9571fca3-295f-4188-ac69-f45fa30ee65b,LOC-WARE-003,PROD002,140,Each,
afe674af-5549-4354-8c46-b3871d9ceb88,LOC-WARE-003,PROD005,190,Each,
f2335e5e-3836-4657-a035-5db768c41572,LOC-WARE-004,PART006,150,Each,
a4032e81-14dd-4436-b944-92083649b99a,LOC-WARE-004,PART004,260,Each,
643ed924-c9fd-4912-a38d-945941510f70,LOC-WARE-004,PROD006,140,Each,
f3671b7a-6e3c-42fd-9184-ba95d3d351f6,LOC-WARE-003,PROD008,230,Each,
5ac0fe6b-c20c-4c3d-aac8-4febe43054d3,LOC-WARE-003,PART003,260,Each,
f1a5f6a2-cecc-4b29-b430-51a091207b6f,LOC-WARE-003,PROD006,80,Each,
6798e7e3-f2e9-435d-99ec-0dd71b2bac92,LOC-WARE-004,PART002,440,Each,
699b4a63-ccff-4938-b8ae-1ebe705edbd9,LOC-WARE-003,PROD004,160,Each,
f3bed65f-abd9-4d01-9749-f6ca4f2d4840,LOC-WARE-003,PROD008,130,Each,
1cc52aef-dd5a-4acc-b417-8efe8e2d405a,LOC-WARE-004,PROD006,160,Each,
7899aa72-8fc8-4536-a260-f38dc0c55731,LOC-WARE-003,PROD007,290,Each,
b7f2f33d-1682-45eb-8295-7d873392ea52,LOC-WARE-004,PROD005,370,Each,
f11fc518-a591-40b3-a54f-dfdee25e4cf5,LOC-WARE-004,PROD009,100,Each,
d1098182-1d81-4d58-833e-f1335535c298,LOC-WARE-003,PART006,130,Each,
22574e02-1ad1-4740-9d3f-2df2487c199e,LOC-WARE-003,PART002,160,Each,
614543ea-9a4f-4106-8f5a-97c83cd9868f,LOC-WARE-003,PART002,110,Each,
ff9081b4-4295-4e58-a175-6e1c97a41aef,LOC-WARE-004,PROD006,490,Each,
fd9139ad-e9bf-4981-995e-fc7d318dd69f,LOC-WARE-004,PART003-3,230,Each,
f5d2eb7e-8bf5-424e-b29d-6c81195cbdaa,LOC-WARE-004,PROD005,180,Each,
527106f6-8622-4a21-b130-fbb9529bba51,LOC-WARE-003,PART005,100,Each,
aff31490-05c4-4113-a264-491b4ff2e55a,LOC-WARE-004,PROD002,350,Each,
d5d308b5-91bd-4357-ba14-f92105dc6cf2,LOC-WARE-003,PART004,300,Each,
06dad1b9-e09b-4a90-be9f-ff512426bda8,LOC-WARE-003,PART003-3,60,Each,
ba7c3751-890b-48dd-8777-e2b0ba097ac9,LOC-WARE-003,PROD005,260,Each,
6af30485-b350-4370-9968-0bfc8ee2d181,LOC-WARE-003,PROD002,90,Each,
d5c528f9-14a2-416e-8ab1-23ca2e91d87b,LOC-WARE-004,PART001,170,Each,
472a6c6c-1a30-4a18-a020-2f03c7ab6418,LOC-WARE-004,PART003-1,160,Each,
ed999151-b6f6-4dcf-80be-475036c701fd,LOC-WARE-003,PROD004,300,Each,
6b6a894a-7e42-4953-99da-ce12d43387b5,LOC-WARE-003,PROD005,440,Each,
3ad273df-f50b-4a77-a366-da2fe3380dcb,LOC-WARE-004,PART004,420,Each,
713a521f-35eb-43a4-93a4-26ea44470329,LOC-WARE-003,PROD001,170,Each,
fead5509-8a16-4d87-a99f-59ba0a64878f,LOC-WARE-003,PART005,430,Each,
c07317c5-23de-41fc-9914-39b82b5f263b,LOC-WARE-004,PART003-2,150,Each,
c41d1c71-7b6d-4837-b4e0-5e7fd7cf9186,LOC-WARE-003,PROD009,200,Each,
e38eeb8e-25cd-410b-990c-6e68a02ac91d,LOC-WARE-003,PART001,460,Each,
11bb54ee-c78e-4299-a742-668de0559907,LOC-WARE-004,PART001,370,Each,
aab65d6e-dcac-4ecf-ac88-653c61b3409a,LOC-WARE-003,PART002,90,Each,
4ea4e8c2-ea27-4a54-a2a4-c8fcbb624e91,LOC-WARE-004,PROD004,300,Each,
3bf460d0-b14f-4925-95d6-3c55e58125d2,LOC-WARE-004,PART001,70,Each,
90ee2dad-c55b-449f-9eda-0b0f8ffddf0f,LOC-WARE-004,PROD002,290,Each,
b8da67be-6e90-40eb-839b-04d1c0e532dc,LOC-WARE-004,PART003-3,320,Each,
e7b09ec0-021b-4164-9a9a-e60061e494d5,LOC-WARE-004,PROD002,80,Each,
8a1d3183-b020-40c6-b497-75d27eb10304,LOC-WARE-004,PROD007,50,Each,
38d246ec-0740-43cd-ad83-12d0452b2855,LOC-WARE-004,PROD003,300,Each,
248968df-224c-4244-8fe5-e23b0c2b805f,LOC-WARE-003,PROD005,400,Each,
979d3159-7d5b-4651-8064-ca9463ca1e6a,LOC-WARE-004,PART001,200,Each,
0fc457ea-a3c6-4c26-b890-4dca1d642c2a,LOC-WARE-004,PROD003,320,Each,
c46e3461-941d-4062-812b-dcb226c0c9d7,LOC-WARE-003,PART003-3,390,Each,
09aeabe3-a758-459d-8c6a-e6565b9ef99c,LOC-WARE-004,PROD008,380,Each,
48dda20f-5658-4e1c-8bcb-fffd03620c05,LOC-WARE-004,PART003,210,Each,
d9cb632c-eb85-4e33-9f2f-b986054e1a04,LOC-WARE-004,PROD008,200,Each,
0562b433-8d4d-45cb-b050-3cf9200fc2cf,LOC-WARE-003,PROD008,260,Each,
3224c498-c758-41b5-aede-d7475e5639c0,LOC-WARE-003,PART004,100,Each,
717cfacb-641d-4e6f-9b54-a1ec0b164399,LOC-WARE-004,PART006,240,Each,
3dc9d96a-8b00-46e2-9f0f-2d7d8fb9d7f7,LOC-WARE-003,PART003-2,70,Each,
22b703eb-0f27-4239-bd17-8f80a0600f0e,LOC-WARE-004,PROD003,180,Each,
a58465b4-fe99-4ffe-b784-76d51439ef08,LOC-WARE-003,PROD004,250,Each,
ea683da0-33b8-4efb-a4a1-b491f280cf38,LOC-WARE-003,PROD006,280,Each,
f000d0d6-4600-4006-ada1-bae35ff4782a,LOC-WARE-003,PROD007,120,Each,
79b095be-8746-458f-b890-3ee2ce39989a,LOC-WARE-004,PART006,410,Each,
432c6f09-7391-4439-b489-1257cbef27fa,LOC-WARE-003,PART005,90,Each,
42c3a22e-ca44-47c9-b960-60703a147f6b,LOC-WARE-004,PART001,400,Each,
88817b75-519c-455b-bdc7-9ff34b297532,LOC-WARE-003,PART004,450,Each,
e3034b71-54d0-4772-8ebc-d878c7d7cd9f,LOC-WARE-003,PROD006,180,Each,
53ade72b-5ebb-4f80-8ff2-6dd4b33e4e08,LOC-WARE-004,PROD005,380,Each,
e8c5d7b9-ec67-4f9f-ad13-0f98ebc49a30,LOC-WARE-004,PROD004,190,Each,
c5324bd8-1bfb-4d20-b72b-e085ae930dff,LOC-WARE-003,PART003-2,390,Each,
bd3cad72-80a1-44e3-a36a-cac40a66b056,LOC-WARE-004,PART006,110,Each,
fe6cdff7-100b-4af5-9d8b-76ee5f4282d5,LOC-WARE-003,PART001,300,Each,
3f4b9575-21f8-410b-82dc-93888f2265b3,LOC-WARE-003,PROD004,80,Each,
1ff9493c-7c63-4b6e-b092-2747e2507984,LOC-WARE-003,PART006,120,Each,
0cbcc6cf-75e5-4376-90a3-144696afa5a2,LOC-WARE-003,PART003-1,100,Each,
361c4ae8-8938-44a4-9b61-dc12733dcd26,LOC-WARE-004,PART001,460,Each,
fd7e2eee-a1cc-4032-882b-ccd78f651c59,LOC-WARE-003,PROD009,270,Each,
45a8d3e1-09da-4c8f-9e4e-40e6d6c78dff,LOC-WARE-003,PROD004,190,Each,
f8070005-37df-400d-a0ce-73f61d820cf8,LOC-WARE-003,PART004,470,Each,
9f56e0a4-5b4b-4f78-9736-fb973576786a,LOC-WARE-004,PROD001,440,Each,
2527b7a8-1352-4247-bad6-99753f59b3bc,LOC-WARE-004,PROD009,470,Each,
c94bd7e9-0bae-4f49-ac07-5c9f08d37dc6,LOC-WARE-004,PART003-1,270,Each,
7940e5ce-0501-43f1-9942-b9269b2cc568,LOC-WARE-003,PART003-1,50,Each,
6af1684e-2b7e-4ebb-877c-6aacd295be92,LOC-WARE-004,PROD007,320,Each,
b75af15e-2d19-4b90-88bd-171febf2fd43,LOC-WARE-003,PART003-1,250,Each,
94febdf0-26dd-4182-87ef-e492d908807f,LOC-WARE-003,PART002,460,Each,
d028a92b-d68b-4edc-868a-14e64d8cdb35,LOC-WARE-004,PART003-1,250,Each,
5b3b8ca9-f4e9-4c99-8a82-ebb9b9fe42f8,LOC-WARE-004,PART003,280,Each,
f15d3573-6d57-49c0-9c8a-72ff0a422a8d,LOC-WARE-003,PART003-3,90,Each,
971071b7-0805-4e73-856b-2dad4815989e,LOC-WARE-003,PART006,360,Each,
14f9a352-0fd0-42fa-b7ae-0727a1b5122a,LOC-WARE-004,PART003-2,280,Each,
7fb1c9de-10d7-4e1c-8ccc-c896eaea7997,LOC-WARE-003,PROD004,190,Each,
af10884a-1a04-432f-bac8-7ef86cdf9997,LOC-WARE-003,PART003,250,Each,
a805591f-8cfc-4382-8b35-14d88db3933d,LOC-WARE-003,PROD002,280,Each,
bcc77885-06fa-46a5-bc97-9849e135b69f,LOC-WARE-003,PROD008,150,Each,
152ebca2-b562-4e5d-9c04-54e8e64013b7,LOC-WARE-003,PROD009,460,Each,
b2528b41-2387-4814-a685-a1d6654f1623,LOC-WARE-003,PROD002,220,Each,
d465d067-57b1-4c41-a365-d71cb1ce3867,LOC-WARE-004,PROD002,130,Each,
d55d2a75-08b2-45c3-9f73-a2f5f18bbe6d,LOC-WARE-003,PART004,370,Each,
8b23ac4a-fd76-4fe9-8e92-747c3f07f8be,LOC-WARE-003,PROD009,120,Each,
61e4c82d-dc57-4685-9b2e-f656899c9b03,LOC-WARE-003,PART003-1,210,Each,
26ce650b-9a79-4f32-918f-f47195513a89,LOC-WARE-004,PROD008,0,Each,
35fa6fc6-0471-48d9-b304-b6c278d13104,LOC-WARE-004,PART003-1,0,Each,
3b4c0aba-bd2c-4890-902c-5ed974a96975,LOC-WARE-004,PROD008,0,Each,
5ba028b9-dead-4126-8076-eaef9c3efbf2,LOC-WARE-003,PART003-1,0,Each,
685ad875-f6de-4827-9e25-215b4d677174,LOC-WARE-004,PROD007,0,Each,
64c23fa6-e27a-43ec-b97e-c5a773794144,LOC-WARE-004,PROD003,0,Each,
13b832dc-69e7-4140-bc24-82a5d52cf42f,LOC-WARE-003,PART004,0,Each,
45a4dda2-29d4-4ad6-ad5c-54e0f91778e2,LOC-WARE-003,PROD002,0,Each,
4ff81677-4805-4a73-be86-73043f3f28c0,LOC-WARE-004,PROD009,0,Each,
8b978e88-3bae-4df6-9ea8-d6cc64626159,LOC-WARE-003,PROD001,0,Each,
6a2f2859-5096-4caa-aa7b-3be7323fc421,LOC-WARE-003,PART003-2,0,Each,
419b07ac-7624-484e-9c0d-80c93a225e3f,LOC-WARE-003,PROD009,0,Each,
fa2a57d5-a145-42e3-8b21-11aaccc81ec0,LOC-WARE-003,PART005,0,Each,
9ad8fe27-4028-4c55-ad20-ccab51a4372e,LOC-WARE-004,PROD001,0,Each,
086a15a9-a9fe-4ba9-8690-88216ad9d06c,LOC-WARE-003,PROD008,0,Each,
cbeed818-ac6c-47e9-a98b-829e42bef536,LOC-WARE-004,PROD009,0,Each,
4cce862a-c84e-4a4f-b9aa-929378519fa7,LOC-WARE-003,PROD009,0,Each,
25208cb3-ca1a-49e9-9d29-3c29038a67a4,LOC-WARE-004,PROD006,0,Each,
8c14cca1-28a0-4e0f-8190-d2eb73969d35,LOC-WARE-004,PART003-3,0,Each,
56f1da3e-686f-42aa-91d1-8ed50b558667,LOC-WARE-004,PROD004,0,Each,