ID,SupplierId,orderStatus,orderPlacedDate,shipToLocationId,OrderValue,orderCurrency,requestedShipDate,requestedDeliveryDate
6d0d2d27-9bbc-49f9-8379-a4e7560edc84,SUP-0009,Open,2026-09-06,LOC-PLANT-001,43250,USD,2026-09-07,2026-09-08
714e8989-508b-46dc-991b-beeec153d7b3,SUP-0001,Open,2026-09-09,LOC-PLANT-002,85500,USD,2026-09-11,2026-09-18
c02d0831-d7b5-470b-971b-b7e8b27307d9,SUP-0001,Open,2026-09-05,LOC-PLANT-002,113500,USD,2026-09-06,2026-09-11
be99a9cb-e32a-4387-a0c2-419550309fe0,SUP-0005,Open,2026-09-05,LOC-PLANT-001,113750,USD,2026-09-06,2026-09-09
1f1cade1-2637-43ae-98f0-85d1525e86cd,SUP-0010,Open,2026-09-06,LOC-PLANT-001,80750,USD,2026-09-08,2026-09-14
6a850132-086f-48ec-b108-79e75035d2a7,SUP-0008,Open,2026-09-05,LOC-PLANT-001,64500,USD,2026-09-06,2026-09-08
d354bf42-38f3-4238-be6f-9b2f815b8111,SUP-0007,Open,2026-09-10,LOC-PLANT-001,22500,USD,2026-09-11,2026-09-15
6d68189a-00ad-4aa2-961f-429de38f325e,SUP-0010,Open,2026-09-07,LOC-PLANT-002,20250,USD,2026-09-09,2026-09-16
4133fed2-a2e7-4ed5-a017-c63b2aea3493,SUP-0001,Open,2026-09-07,LOC-PLANT-001,76000,USD,2026-09-09,2026-09-13
758fbd1e-3ed5-4bc3-8ff7-e426729a705a,SUP-0007,Open,2026-09-09,LOC-PLANT-001,37500,USD,2026-09-11,2026-09-18
79121e21-4072-43b6-a357-d16d512d1089,SUP-0007,Open,2026-09-07,LOC-PLANT-001,97500,USD,2026-09-08,2026-09-10
a2f26611-28ed-42bd-b189-87553b3a7975,SUP-0009,Open,2026-09-06,LOC-PLANT-002,144000,USD,2026-09-07,2026-09-11
2bfedf9a-6e29-4824-91c5-f5f1bdd1b00e,SUP-0010,Open,2026-09-05,LOC-PLANT-002,34500,USD,2026-09-06,2026-09-11
b60dece9-94ab-4069-b753-96ca464321b3,SUP-0005,Open,2026-09-08,LOC-PLANT-001,148250,USD,2026-09-09,2026-09-16
9a7abe49-ea44-40c1-9eee-881c8db63b79,SUP-0009,Open,2026-09-05,LOC-PLANT-002,170000,USD,2026-09-07,2026-09-09
ffa139ac-951f-47a3-abfe-d66cbb8c422c,SUP-0003,PartialShip,2026-09-07,LOC-PLANT-002,76750,USD,2026-09-08,2026-09-11
78d75105-d901-4be2-8bae-55e5105e046c,SUP-0002,PartialShip,2026-09-02,LOC-PLANT-002,7500,USD,2026-09-03,2026-09-10
49899404-f8c4-4dfe-bd92-f03e956129d2,SUP-0007,PartialShip,2026-09-10,LOC-PLANT-001,53500,USD,2026-09-11,2026-09-17
4fa1cb92-0fac-443b-9ca5-19df47f1ccd6,SUP-0006,PartialShip,2026-09-06,LOC-PLANT-002,118500,USD,2026-09-08,2026-09-10
0915777c-21a3-47fc-8739-63c31d7740b5,SUP-0001,PartialShip,2026-09-05,LOC-PLANT-002,84500,USD,2026-09-06,2026-09-11
3e021fb2-4770-49d5-86cb-d583574d8467,SUP-0003,PartialShip,2026-09-06,LOC-PLANT-001,12000,USD,2026-09-08,2026-09-12
2a5befb2-c551-447e-b40e-45d04bd5c691,SUP-0009,PartialShip,2026-09-03,LOC-PLANT-002,75000,USD,2026-09-05,2026-09-06
7e005e14-cd1f-4a25-8f90-a62c8ead0b90,SUP-0010,PartialShip,2026-09-09,LOC-PLANT-001,105750,USD,2026-09-11,2026-09-15
e41be754-31f5-404a-a6ea-71791c6e1751,SUP-0003,PartialShip,2026-09-02,LOC-PLANT-002,121500,USD,2026-09-03,2026-09-08
5f4993df-d387-472c-a773-4211a96e0a23,SUP-0008,PartialShip,2026-09-10,LOC-PLANT-001,120000,USD,2026-09-11,2026-09-17
e9ab42f1-a93c-4b2b-aaa3-ffe8ddbafcd8,SUP-0009,PartialShip,2026-09-09,LOC-PLANT-002,30000,USD,2026-09-11,2026-09-16
32bd4781-4e47-43cf-a1d9-ec91de19977f,SUP-0002,PartialShip,2026-09-06,LOC-PLANT-002,54000,USD,2026-09-08,2026-09-09
f36b595e-34b3-496f-aea8-507be2eeaf17,SUP-0010,PartialShip,2026-09-07,LOC-PLANT-001,74000,USD,2026-09-08,2026-09-15
fa49671d-c576-4a02-86a9-f959a921e3b5,SUP-0010,PartialShip,2026-09-08,LOC-PLANT-001,103750,USD,2026-09-10,2026-09-13
eb2d1f3a-06da-4ff3-b31e-ec0eb8488792,SUP-0005,PartialShip,2026-09-04,LOC-PLANT-001,107750,USD,2026-09-05,2026-09-06
9886d608-03b6-452d-b2a4-0f0d8d3366ea,SUP-0008,PartialShip,2026-09-09,LOC-PLANT-001,108500,USD,2026-09-11,2026-09-18
666ab65e-c98e-4f04-8654-d1b1de6aff41,SUP-0008,PartialShip,2026-09-06,LOC-PLANT-002,146250,USD,2026-09-07,2026-09-13
9e727e58-2622-4cef-80b2-d5ecc2d31e81,SUP-0010,PartialShip,2026-09-09,LOC-PLANT-002,33500,USD,2026-09-10,2026-09-11
4900077c-d3e4-4ff3-ad2a-c41e70fc6598,SUP-0002,PartialShip,2026-09-02,LOC-PLANT-001,149500,USD,2026-09-03,2026-09-10
d21712cd-a53a-487e-bfd2-505ec5a36cf5,SUP-0007,PartialShip,2026-09-10,LOC-PLANT-002,105750,USD,2026-09-11,2026-09-18
8804db32-0184-4107-a0c1-2a820b6c4b43,SUP-0005,FullShip,2026-09-07,LOC-PLANT-001,51500,USD,2026-09-09,2026-09-15
0c59b11e-4e7f-4652-8aef-beafe2bebd8b,SUP-0009,FullShip,2026-08-30,LOC-PLANT-001,7500,USD,2026-09-01,2026-09-02
948437c1-8259-49ad-b8cf-a543b2e2adca,SUP-0006,FullShip,2026-09-08,LOC-PLANT-001,35000,USD,2026-09-10,2026-09-12
2dbd0aa4-18e6-45b9-b752-bf0529689763,SUP-0007,FullShip,2026-08-31,LOC-PLANT-002,106500,USD,2026-09-02,2026-09-06
0fe980e6-d2c2-4890-9292-c27cf2d9452b,SUP-0007,FullShip,2026-08-31,LOC-PLANT-002,19500,USD,2026-09-02,2026-09-06
1381e4a3-9a6e-48a8-9c57-0a253017cd94,SUP-0001,FullShip,2026-08-31,LOC-PLANT-002,180750,USD,2026-09-01,2026-09-07
1fde701b-bae9-4c9f-a5e8-11f8b1f71d43,SUP-0001,FullShip,2026-08-29,LOC-PLANT-001,76500,USD,2026-08-30,2026-09-01
6bfbaa70-d5ba-4a9a-be1c-9eb75f119e91,SUP-0010,FullShip,2026-09-03,LOC-PLANT-001,77250,USD,2026-09-05,2026-09-11
f21da985-cd03-432a-b570-8bfa1f2120d1,SUP-0006,FullShip,2026-09-03,LOC-PLANT-001,143250,USD,2026-09-04,2026-09-07
20a03f25-1670-437d-9685-8fe4d3b39976,SUP-0001,FullShip,2026-08-29,LOC-PLANT-002,126000,USD,2026-08-30,2026-09-01
5b57df2e-6e66-465a-829c-ece45932fa8d,SUP-0009,FullShip,2026-09-07,LOC-PLANT-002,99000,USD,2026-09-09,2026-09-15
1ad1302a-1a3c-49f7-b9c7-03f75042e87a,SUP-0004,FullShip,2026-08-30,LOC-PLANT-002,14000,USD,2026-08-31,2026-09-07
760752c8-3be3-49e3-824e-2a95916856ff,SUP-0006,FullShip,2026-09-07,LOC-PLANT-002,45000,USD,2026-09-09,2026-09-11
d4e669c0-c3e3-4a0a-9425-68eb853027e0,SUP-0006,FullShip,2026-09-09,LOC-PLANT-001,109500,USD,2026-09-10,2026-09-15
fe65b391-8f3e-4d74-b3f0-5bcadfe9eb7b,SUP-0007,FullShip,2026-08-29,LOC-PLANT-001,68000,USD,2026-08-31,2026-09-04
024593c7-1d20-43ae-a216-f479a8f277df,SUP-0006,FullShip,2026-09-10,LOC-PLANT-001,73500,USD,2026-09-11,2026-09-12
be6237bc-9902-40b3-abb6-43f9cf5264db,SUP-0009,FullShip,2026-09-04,LOC-PLANT-002,95250,USD,2026-09-06,2026-09-09
d242b67c-bb29-42ed-ac33-1583c19b168b,SUP-0001,FullShip,2026-09-03,LOC-PLANT-002,6000,USD,2026-09-05,2026-09-12
933f2219-7fb7-4f63-bf19-f620e7f9a475,SUP-0009,FullShip,2026-09-08,LOC-PLANT-001,52250,USD,2026-09-10,2026-09-15
f8c0f6ca-c675-48ea-9e2d-973382835ccc,SUP-0003,FullShip,2026-08-29,LOC-PLANT-001,27000,USD,2026-08-31,2026-09-04
ffbec458-864e-4ce0-a630-7564c42403ef,SUP-0009,FullShip,2026-08-30,LOC-PLANT-001,47000,USD,2026-09-01,2026-09-06
41efa7bb-7424-4d4e-b167-d8c07822cf7f,SUP-0006,FullShip,2026-09-07,LOC-PLANT-001,61500,USD,2026-09-09,2026-09-13
db8fc463-7fd9-4fcd-8263-68364c7703a3,SUP-0002,FullShip,2026-08-31,LOC-PLANT-002,56000,USD,2026-09-01,2026-09-02
d17917ff-6b38-40ae-aad3-e5e872f1e1a1,SUP-0004,FullShip,2026-09-09,LOC-PLANT-001,147500,USD,2026-09-11,2026-09-13
c17d03ee-cb75-4653-9255-eb9125e9af7c,SUP-0006,Closed,2026-08-10,LOC-PLANT-002,131750,USD,2026-08-11,2026-08-20
e8b43710-d5fb-4566-bcdf-1eda792623ca,SUP-0001,Closed,2026-05-14,LOC-PLANT-002,35000,USD,2026-05-15,2026-05-24
c2597ac3-180a-4623-94de-613ffee6d949,SUP-0001,Closed,2026-05-01,LOC-PLANT-001,94500,USD,2026-05-02,2026-05-07
5f5efc5d-673f-470c-9734-5030831ebeb6,SUP-0009,Closed,2026-06-15,LOC-PLANT-002,66000,USD,2026-06-16,2026-06-29
6581e336-a875-4fec-9f1f-74ed6ced2c7d,SUP-0007,Closed,2026-07-31,LOC-PLANT-002,70000,USD,2026-08-01,2026-08-13
9a73a2d0-262b-4028-9694-eb06c7ba9492,SUP-0003,Closed,2026-03-31,LOC-PLANT-002,110250,USD,2026-04-02,2026-04-08
11018313-a907-41bd-8f41-93599d32b93a,SUP-0001,Closed,2026-05-06,LOC-PLANT-001,100000,USD,2026-05-08,2026-05-15
f5da8a63-ee6d-480e-9541-a993802d34a1,SUP-0007,Closed,2026-07-12,LOC-PLANT-002,98750,USD,2026-07-14,2026-07-22
a3cb065c-13d1-459e-8536-ea4535f1c072,SUP-0005,Closed,2026-07-29,LOC-PLANT-002,31000,USD,2026-07-31,2026-08-10
bb2dbe01-5b86-4784-8edd-8b6d8abe9d34,SUP-0007,Closed,2026-08-12,LOC-PLANT-001,149000,USD,2026-08-14,2026-08-20
b35d2bea-b6a0-439b-be18-2dc352240527,SUP-0008,Closed,2026-06-24,LOC-PLANT-001,13500,USD,2026-06-25,2026-07-03
d498671a-799e-4cb0-b6a2-a8f91ddbb2df,SUP-0006,Closed,2026-05-03,LOC-PLANT-001,36750,USD,2026-05-05,2026-05-13
e8ec0164-10dd-4789-a7f0-648691597f97,SUP-0007,Closed,2026-03-10,LOC-PLANT-002,176500,USD,2026-03-12,2026-03-20
e0ac8da9-2b9d-448d-a348-616843a8a497,SUP-0006,Closed,2026-08-20,LOC-PLANT-002,110250,USD,2026-08-22,2026-08-31
24af096a-cb7f-4e46-9b58-b3446b88d9f5,SUP-0002,Closed,2026-06-02,LOC-PLANT-002,63000,USD,2026-06-04,2026-06-09
ae03a6d2-44e3-469e-b066-40e0027c9d66,SUP-0003,Closed,2026-06-18,LOC-PLANT-002,28500,USD,2026-06-20,2026-07-01
2e3e1cc3-61e4-48be-8cb7-90f7c28ff799,SUP-0008,Closed,2026-05-08,LOC-PLANT-002,86250,USD,2026-05-09,2026-05-17
7d175894-da56-4314-9950-9b9b3fb423f7,SUP-0007,Closed,2026-08-08,LOC-PLANT-001,196000,USD,2026-08-09,2026-08-19
b09296b0-8544-48c5-8515-730504840db5,SUP-0003,Closed,2026-07-05,LOC-PLANT-001,137250,USD,2026-07-06,2026-07-12
adf4354a-210f-461e-bf47-fe50f088b269,SUP-0004,Closed,2026-08-05,LOC-PLANT-002,59250,USD,2026-08-06,2026-08-12
45c0d571-fb69-4e18-92de-a71c6d92dda2,SUP-0004,Closed,2026-03-20,LOC-PLANT-002,51750,USD,2026-03-21,2026-03-29
aa1dab3c-af7d-4c4f-9a58-c2e17b7ec2fe,SUP-0005,Closed,2026-05-08,LOC-PLANT-002,70750,USD,2026-05-09,2026-05-20
478eedf4-dccf-4dc3-a722-219b8f2cd37d,SUP-0003,Closed,2026-05-05,LOC-PLANT-001,48000,USD,2026-05-06,2026-05-10
27cbf9d2-670d-42eb-b3c8-03ca22d59585,SUP-0007,Closed,2026-08-19,LOC-PLANT-002,204250,USD,2026-08-21,2026-08-31
c3e260e3-cb21-4d89-a0ac-a3042c64171f,SUP-0009,Closed,2026-07-03,LOC-PLANT-002,154750,USD,2026-07-05,2026-07-13
c7aac351-fccb-428e-ab2c-79283f7b358c,SUP-0009,Closed,2026-05-15,LOC-PLANT-002,42000,USD,2026-05-17,2026-05-29
8f66771a-a0ff-4f89-8fb5-f0587568658e,SUP-0006,Closed,2026-04-01,LOC-PLANT-002,105000,USD,2026-04-03,2026-04-09
a0292fde-6bb7-4f83-b855-3b687987a0ba,SUP-0005,Closed,2026-06-10,LOC-PLANT-002,67500,USD,2026-06-11,2026-06-19
c1b491de-1c4a-46d9-9213-ba9f399c18c0,SUP-0005,Closed,2026-07-13,LOC-PLANT-001,76500,USD,2026-07-15,2026-07-21
fde9c7e4-afcd-4e02-9834-e2d65a1927f9,SUP-0004,Closed,2026-06-16,LOC-PLANT-002,97750,USD,2026-06-18,2026-06-29
f24f43ba-f5c9-4d45-a768-463623b62def,SUP-0005,Closed,2026-07-13,LOC-PLANT-002,35250,USD,2026-07-14,2026-07-23
70620809-8074-4690-a749-ca2c3b2af8ea,SUP-0001,Closed,2026-05-07,LOC-PLANT-001,101500,USD,2026-05-09,2026-05-13
0cc4480b-0bd6-4e24-8292-b8ca746b9756,SUP-0005,Closed,2026-04-14,LOC-PLANT-002,98500,USD,2026-04-15,2026-04-22
645c9166-0ac5-4784-b801-f9df144b099c,SUP-0009,Closed,2026-06-22,LOC-PLANT-001,140000,USD,2026-06-23,2026-07-01
bf5c41c2-de7a-451a-a1b2-2f2475b54a65,SUP-0003,Closed,2026-03-24,LOC-PLANT-001,73750,USD,2026-03-25,2026-03-28
ce85192c-130d-4492-99f1-34819e143501,SUP-0001,Closed,2026-03-20,LOC-PLANT-001,72000,USD,2026-03-21,2026-03-28
bca416e5-c6b7-465a-b37b-3b061d57b9e2,SUP-0001,Closed,2026-04-01,LOC-PLANT-001,84000,USD,2026-04-02,2026-04-06
886f51d2-1eb1-4aab-99d9-bcd0c1fa7557,SUP-0007,Closed,2026-04-20,LOC-PLANT-001,183250,USD,2026-04-22,2026-05-03
b2590c83-d3fa-40b7-9f85-c5a84b682393,SUP-0006,Closed,2026-05-26,LOC-PLANT-002,52250,USD,2026-05-28,2026-06-05
aa2c396d-30db-4eb3-bf3d-7b86f15a9674,SUP-0005,Closed,2026-06-30,LOC-PLANT-001,115000,USD,2026-07-01,2026-07-08
c41ba7c8-909a-4146-8d03-949e9f17d48c,SUP-0001,Closed,2026-07-08,LOC-PLANT-002,24000,USD,2026-07-10,2026-07-14
d281b1cf-c416-4826-91d1-8946550e83f2,SUP-0010,Closed,2026-04-11,LOC-PLANT-002,12250,USD,2026-04-13,2026-04-21
1b76af37-df81-405a-902d-9a072c2ca8e2,SUP-0002,Closed,2026-05-28,LOC-PLANT-002,115250,USD,2026-05-30,2026-06-04
31d2b301-d581-4d54-850d-75c6698cb92f,SUP-0001,Closed,2026-05-01,LOC-PLANT-002,144500,USD,2026-05-03,2026-05-10
aa10aaf5-44a8-4681-b6f9-0e3a3ec51d1b,SUP-0005,Closed,2026-08-21,LOC-PLANT-001,64500,USD,2026-08-22,2026-08-28
b3224e97-40d1-4fca-b8ab-2ff577684951,SUP-0002,Closed,2026-08-29,LOC-PLANT-002,130250,USD,2026-08-31,2026-09-06
eaa072e4-3f5c-44e2-967f-10fe7150956e,SUP-0008,Closed,2026-05-24,LOC-PLANT-001,104750,USD,2026-05-25,2026-06-04
700c7fa1-4a36-4027-ac88-0fe33ad64f98,SUP-0009,Closed,2026-04-04,LOC-PLANT-002,5000,USD,2026-04-06,2026-04-16
c96adca7-d41c-471d-8fad-edf6e1acc52c,SUP-0002,Closed,2026-05-29,LOC-PLANT-001,113250,USD,2026-05-31,2026-06-03
ba307200-51cf-44f2-8659-4e59fa0bb765,SUP-0005,Closed,2026-04-02,LOC-PLANT-001,99000,USD,2026-04-04,2026-04-09
4f20fdf7-8c6f-42e7-9622-c7f07f22b418,SUP-0008,Closed,2026-03-23,LOC-PLANT-002,98500,USD,2026-03-24,2026-04-04
e10c8025-874d-444f-847b-1f02fe43ff7f,SUP-0003,Closed,2026-05-10,LOC-PLANT-001,42000,USD,2026-05-11,2026-05-15
c8525c69-9011-4c35-8d6c-4b01bf63936a,SUP-0007,Closed,2026-06-03,LOC-PLANT-002,143000,USD,2026-06-05,2026-06-14
97ee79d6-96f0-46b5-9c83-24eab1df314a,SUP-0003,Closed,2026-07-25,LOC-PLANT-001,65000,USD,2026-07-26,2026-07-31
c57b8ca1-3ecd-4aa5-885b-441ff745f8de,SUP-0002,Closed,2026-05-01,LOC-PLANT-002,114750,USD,2026-05-02,2026-05-08
e79f2c1e-1296-4330-9712-97cc41d8e8c8,SUP-0003,Closed,2026-03-07,LOC-PLANT-001,140500,USD,2026-03-08,2026-03-14
a376719d-c3fa-460f-adc3-cc541eaa384f,SUP-0005,Closed,2026-06-08,LOC-PLANT-002,124250,USD,2026-06-10,2026-06-20
1d375e45-1643-4b6a-8d75-839fd88616d8,SUP-0005,Closed,2026-08-12,LOC-PLANT-001,63000,USD,2026-08-13,2026-08-20
4f680dd5-17a4-420c-a0a4-dc8dbc7bd432,SUP-0007,Closed,2026-08-22,LOC-PLANT-001,58500,USD,2026-08-24,2026-08-30
3224a466-0bb7-4791-a548-99eb6cf7e3af,SUP-0008,Closed,2026-04-08,LOC-PLANT-001,27000,USD,2026-04-09,2026-04-17
7eecec5f-6fad-45d2-ae2e-60f1753a547f,SUP-0001,Closed,2026-03-18,LOC-PLANT-002,40500,USD,2026-03-20,2026-03-27
68e099ec-41db-4f08-8453-7597162f941b,SUP-0005,Closed,2026-08-22,LOC-PLANT-002,78000,USD,2026-08-24,2026-09-04
df089223-cb5d-4b2a-a289-be0346b2cdd1,SUP-0005,Closed,2026-07-11,LOC-PLANT-002,31500,USD,2026-07-12,2026-07-21
272d4b68-4625-4404-b170-96b840ef3b38,SUP-0007,Closed,2026-08-27,LOC-PLANT-002,85750,USD,2026-08-28,2026-09-05
14d7b5e7-a89f-42c5-a50c-39962dbf6f31,SUP-0003,Closed,2026-07-18,LOC-PLANT-002,37500,USD,2026-07-19,2026-07-27
691f5243-f9da-4259-b6b3-b0e23002062e,SUP-0008,Closed,2026-06-07,LOC-PLANT-001,127500,USD,2026-06-08,2026-06-18
fa716668-2dac-4ab3-9347-f9f564f4e683,SUP-0006,Closed,2026-04-02,LOC-PLANT-001,99000,USD,2026-04-03,2026-04-09
e42fd745-e3b0-43e1-a85d-3b31a90dc7d5,SUP-0008,Closed,2026-07-27,LOC-PLANT-002,132750,USD,2026-07-29,2026-08-09
d36ac1c8-05b2-40dd-9e5c-107fed85e7ec,SUP-0008,Closed,2026-04-09,LOC-PLANT-002,113500,USD,2026-04-11,2026-04-21
e5f24eee-8d33-4fdc-baf0-610e0a97be46,SUP-0010,Closed,2026-04-21,LOC-PLANT-001,86750,USD,2026-04-23,2026-04-25
99ca2a4a-4467-49b0-9647-ae62eb396688,SUP-0005,Closed,2026-05-25,LOC-PLANT-001,78000,USD,2026-05-26,2026-06-02
4f1582cb-23f2-4de9-922b-cdad3246be18,SUP-0005,Closed,2026-07-22,LOC-PLANT-001,166000,USD,2026-07-24,2026-08-01
d2fcc587-60f5-4c7b-b2f2-e0a8bc826755,SUP-0004,Closed,2026-08-27,LOC-PLANT-002,91750,USD,2026-08-29,2026-09-05
5f41924b-5d89-491b-8b9e-cb883c1f1274,SUP-0008,Closed,2026-05-01,LOC-PLANT-001,56000,USD,2026-05-03,2026-05-09
c078ed3c-1a52-46ea-82c3-1b7183ff8f71,SUP-0006,Closed,2026-08-07,LOC-PLANT-002,112500,USD,2026-08-09,2026-08-16
a096f9ef-1e70-4047-a94a-344acd2b2e26,SUP-0002,Closed,2026-03-21,LOC-PLANT-001,39000,USD,2026-03-23,2026-03-25
a16031d3-c0b3-44e0-a42e-82afa9433a5d,SUP-0010,Closed,2026-06-02,LOC-PLANT-002,67500,USD,2026-06-03,2026-06-09
0527dac3-1c9f-4ab5-9674-5526a3a95917,SUP-0002,Closed,2026-03-14,LOC-PLANT-001,103500,USD,2026-03-15,2026-03-19
28915a92-4373-4d38-b47f-9e347d15dbf4,SUP-0005,Closed,2026-08-07,LOC-PLANT-001,30750,USD,2026-08-09,2026-08-13
4788cc6e-9378-4550-b0c4-80ab71c033c1,SUP-0001,Closed,2026-04-28,LOC-PLANT-002,13500,USD,2026-04-29,2026-05-05
d42bc04a-3099-438e-b911-5ca3033e2767,SUP-0004,Closed,2026-05-31,LOC-PLANT-001,129750,USD,2026-06-02,2026-06-11
e5a6f60a-df11-4067-a08b-1441891e110f,SUP-0010,Closed,2026-07-08,LOC-PLANT-001,167250,USD,2026-07-09,2026-07-12
61bfb2a7-c655-4397-921f-cbd791d980a3,SUP-0005,Closed,2026-07-20,LOC-PLANT-002,140500,USD,2026-07-22,2026-07-29
6363295d-885f-4090-a5bb-29c752cd1cac,SUP-0002,Closed,2026-04-15,LOC-PLANT-001,36000,USD,2026-04-16,2026-04-21
0f57c8c8-0699-43c1-9222-d65c40d417e3,SUP-0006,Closed,2026-04-10,LOC-PLANT-002,32250,USD,2026-04-12,2026-04-18
3f17a6c7-82bd-4d6b-84e5-88c0314a4fc9,SUP-0003,Closed,2026-03-30,LOC-PLANT-002,175500,USD,2026-04-01,2026-04-12
20fe7bbf-1712-418e-86b3-bbeb7b191ae3,SUP-0001,Closed,2026-08-29,LOC-PLANT-001,154500,USD,2026-08-31,2026-09-07
3dffe620-ddc5-476d-bc3e-bcf922b1ba8d,SUP-0010,Closed,2026-05-22,LOC-PLANT-002,83500,USD,2026-05-24,2026-05-29
b955637f-58d9-4d38-812e-6922a596952a,SUP-0010,Closed,2026-04-03,LOC-PLANT-001,80000,USD,2026-04-05,2026-04-07
f952d44b-4573-44d7-b4c8-e7f36f080c1b,SUP-0008,Closed,2026-05-30,LOC-PLANT-001,128000,USD,2026-06-01,2026-06-12
03ec1455-3be6-4bef-bbc4-b2155f88ca03,SUP-0009,Closed,2026-05-09,LOC-PLANT-001,134000,USD,2026-05-11,2026-05-19
0e82bf0b-ffa4-4884-80fc-bdeb761015e4,SUP-0004,Closed,2026-03-27,LOC-PLANT-001,40500,USD,2026-03-29,2026-04-03
cfbcfa7b-1a44-48ee-9c80-926171ab4f7c,SUP-0007,Closed,2026-04-22,LOC-PLANT-001,87500,USD,2026-04-24,2026-05-02
ee25bb82-c77f-4070-8619-e658fa21f23e,SUP-0001,Closed,2026-08-30,LOC-PLANT-002,49500,USD,2026-08-31,2026-09-06
48b207c6-baa8-4fd5-ad45-3431d0e1ff10,SUP-0006,Closed,2026-08-16,LOC-PLANT-002,52500,USD,2026-08-18,2026-08-24
d9cd66d6-573b-4775-9889-6963402f14eb,SUP-0002,Closed,2026-07-20,LOC-PLANT-002,113750,USD,2026-07-22,2026-08-01
d65c660b-33e4-48d4-82b3-581532ec0fe1,SUP-0003,Closed,2026-04-27,LOC-PLANT-002,94000,USD,2026-04-29,2026-05-06
81b54c2b-80f9-4427-8e1b-170609f3bdff,SUP-0003,Closed,2026-05-11,LOC-PLANT-001,47250,USD,2026-05-13,2026-05-18
a93a3485-bb19-4861-979a-0d4ffbe26603,SUP-0010,Closed,2026-04-26,LOC-PLANT-001,101500,USD,2026-04-28,2026-05-02
8aaf4ab7-6ef0-4020-b71b-be2f348b34de,SUP-0006,Closed,2026-04-14,LOC-PLANT-001,85500,USD,2026-04-16,2026-04-22
1e127b12-383f-4170-910a-c5104c384cee,SUP-0006,Closed,2026-06-06,LOC-PLANT-001,128500,USD,2026-06-08,2026-06-14
a57323f1-8f57-41ba-998a-9f24f46af310,SUP-0005,Closed,2026-04-14,LOC-PLANT-002,122500,USD,2026-04-16,2026-04-24
1696cdd8-b128-4481-94f7-3f1dcc6b8807,SUP-0004,Closed,2026-03-29,LOC-PLANT-002,115000,USD,2026-03-30,2026-04-06
ad3eab72-726f-43d4-a479-52bd9c51740f,SUP-0008,Closed,2026-06-07,LOC-PLANT-002,100500,USD,2026-06-09,2026-06-18
2458af46-92fe-4e55-a2ff-49b7de54f932,SUP-0008,Closed,2026-07-06,LOC-PLANT-001,56000,USD,2026-07-07,2026-07-16
c1fd0115-1cf7-4663-8fc6-a3fdcdfdde58,SUP-0001,Closed,2026-08-08,LOC-PLANT-002,72500,USD,2026-08-09,2026-08-17
048e07bb-46cf-463b-8d83-77a09ffe488c,SUP-0004,Closed,2026-08-27,LOC-PLANT-002,106000,USD,2026-08-29,2026-09-06
cf925c43-5fd6-4adf-8c98-6040472b5deb,SUP-0003,Closed,2026-03-28,LOC-PLANT-001,99750,USD,2026-03-29,2026-04-04
5a1bc1a6-3f50-4205-915f-2d70ad0042da,SUP-0009,Closed,2026-08-22,LOC-PLANT-002,34500,USD,2026-08-24,2026-09-06
1b555832-a029-44e1-92a6-2920f5d011de,SUP-0006,Closed,2026-04-28,LOC-PLANT-001,78750,USD,2026-04-30,2026-05-07
3514d8e5-8ca5-4799-9274-a64346338cb9,SUP-0001,Closed,2026-06-26,LOC-PLANT-002,157250,USD,2026-06-27,2026-07-04
7c4b9725-f033-410c-aba8-865a473e2a55,SUP-0010,Closed,2026-07-02,LOC-PLANT-001,99750,USD,2026-07-03,2026-07-07
0b2d1575-3d2a-4832-bbca-12e589e92780,SUP-0007,Closed,2026-07-04,LOC-PLANT-002,58000,USD,2026-07-05,2026-07-16
80887f4a-7e51-4826-ad8a-c1d9fbb2a417,SUP-0004,Closed,2026-03-08,LOC-PLANT-002,9000,USD,2026-03-10,2026-03-19
19966306-b728-44a5-bf0f-5f2b091e1429,SUP-0005,Closed,2026-06-24,LOC-PLANT-002,136000,USD,2026-06-26,2026-07-07
7b735b6b-cd65-4821-ba4e-6832b8b4bb70,SUP-0010,Closed,2026-03-22,LOC-PLANT-001,24000,USD,2026-03-23,2026-03-25
085a5282-e835-404b-81ce-d9631f345157,SUP-0006,Closed,2026-07-15,LOC-PLANT-002,46500,USD,2026-07-16,2026-07-26
84be3817-0b9c-4ba2-918c-4b99d080f444,SUP-0007,Closed,2026-08-14,LOC-PLANT-002,68000,USD,2026-08-15,2026-08-26
24b34fe4-12e7-463e-b297-87a98d432dc4,SUP-0007,Closed,2026-04-08,LOC-PLANT-001,42750,USD,2026-04-09,2026-04-19
127c01bc-ca3f-49f7-a160-c2f38ec110a3,SUP-0001,Closed,2026-07-29,LOC-PLANT-002,87250,USD,2026-07-31,2026-08-08
ee35c03d-fec4-4f1b-9a1c-b171794bd074,SUP-0007,Closed,2026-08-21,LOC-PLANT-001,100500,USD,2026-08-22,2026-09-01
f1b0791d-7a45-43c1-834d-ab8af92ddc40,SUP-0006,Closed,2026-03-27,LOC-PLANT-002,86500,USD,2026-03-29,2026-04-04
051939f9-f183-4575-9b36-6b656b91ddb0,SUP-0007,Closed,2026-06-20,LOC-PLANT-001,18000,USD,2026-06-21,2026-07-01
7e3104d7-b7bd-40bd-aced-cc2a86dde415,SUP-0008,Closed,2026-05-27,LOC-PLANT-001,81000,USD,2026-05-29,2026-06-08
7d371b56-2cac-45b4-8142-a1bf2665f0f7,SUP-0007,Closed,2026-05-12,LOC-PLANT-002,105750,USD,2026-05-13,2026-05-21
2a26ae90-92fa-4e3f-8968-4fa2c88242da,SUP-0010,Closed,2026-03-27,LOC-PLANT-002,74000,USD,2026-03-29,2026-04-04
6e1da6b1-e3a5-480f-8fe5-45728438d475,SUP-0009,Closed,2026-05-24,LOC-PLANT-001,104500,USD,2026-05-26,2026-06-01
de440e20-b4d2-4bf0-b4d4-f32a516fdab8,SUP-0007,Closed,2026-08-24,LOC-PLANT-002,120250,USD,2026-08-25,2026-09-04
7cbdb875-6a5e-46cf-a274-32035ffd5d51,SUP-0005,Closed,2026-03-10,LOC-PLANT-002,7500,USD,2026-03-11,2026-03-20
6a2acb5d-622b-4a92-b1ee-99e543b76772,SUP-0009,Closed,2026-08-15,LOC-PLANT-001,80750,USD,2026-08-16,2026-08-24
99ea879b-fbbc-4915-ad51-d7a4378ce6d3,SUP-0009,Closed,2026-04-12,LOC-PLANT-002,111750,USD,2026-04-13,2026-04-24
d9b151cf-972c-493b-b328-557f234b721f,SUP-0008,Closed,2026-04-02,LOC-PLANT-002,66750,USD,2026-04-03,2026-04-14
25451ec4-dc89-416a-b0dc-3cbed122325c,SUP-0001,Closed,2026-05-12,LOC-PLANT-001,124250,USD,2026-05-13,2026-05-20
e5bbbab8-b9a2-48fc-9ee8-89378b24f1b6,SUP-0008,Closed,2026-07-28,LOC-PLANT-002,40500,USD,2026-07-30,2026-08-08
53693ba8-95d4-47aa-899f-3c9d527a4a93,SUP-0008,Closed,2026-08-11,LOC-PLANT-001,48000,USD,2026-08-12,2026-08-19
7aa3cc0c-9510-4ffe-9497-0b209006bfd3,SUP-0009,Closed,2026-04-26,LOC-PLANT-001,50000,USD,2026-04-27,2026-05-06
2e1f5ecb-763b-40eb-abe7-c3279c08fa2c,SUP-0004,Closed,2026-07-05,LOC-PLANT-001,39000,USD,2026-07-06,2026-07-12
4eb03f22-f66e-466b-9a7d-f30d28808210,SUP-0008,Closed,2026-07-23,LOC-PLANT-002,27000,USD,2026-07-24,2026-08-03
35fe44ab-784a-44f5-a8d3-a5c45d8e70d4,SUP-0002,Closed,2026-04-29,LOC-PLANT-002,118000,USD,2026-04-30,2026-05-09
482546a9-b7fc-421b-bb4c-a590bdb936d5,SUP-0006,Closed,2026-06-09,LOC-PLANT-002,101000,USD,2026-06-11,2026-06-18
168ede5f-1dcb-4dd4-981a-915fbec36c0a,SUP-0005,Closed,2026-07-26,LOC-PLANT-001,28000,USD,2026-07-27,2026-08-02
184d2634-dd55-4ff4-bf26-cf0bd39e1ac9,SUP-0007,Closed,2026-04-15,LOC-PLANT-002,35000,USD,2026-04-16,2026-04-24
5bd82b2b-441c-4459-b3cf-a97cde1a95c6,SUP-0010,Closed,2026-07-26,LOC-PLANT-002,11250,USD,2026-07-27,2026-08-06
517f403a-12b8-4f79-91fa-c2e6ef6954d0,SUP-0007,Closed,2026-03-31,LOC-PLANT-002,19500,USD,2026-04-02,2026-04-14
02cb1786-3f71-4410-956f-bb7d54af007a,SUP-0010,Closed,2026-06-10,LOC-PLANT-001,38500,USD,2026-06-11,2026-06-16
f5f6c1d5-aff3-4d8d-b15e-56e5aee75d7a,SUP-0002,Closed,2026-07-17,LOC-PLANT-001,31500,USD,2026-07-18,2026-07-19
79b7a296-c58d-4982-87b3-93e155e703fe,SUP-0008,Closed,2026-06-19,LOC-PLANT-001,76000,USD,2026-06-21,2026-06-30
b1874536-e880-454a-8af5-e089db06dfd3,SUP-0002,Closed,2026-07-05,LOC-PLANT-002,54000,USD,2026-07-07,2026-07-13
afea11c3-cec0-449c-86dc-c3d5878641d4,SUP-0009,Closed,2026-06-23,LOC-PLANT-002,141000,USD,2026-06-25,2026-07-06
2d8c3b39-3641-42a9-a540-100c76f87761,SUP-0003,Closed,2026-04-23,LOC-PLANT-002,74250,USD,2026-04-25,2026-05-01
ca7fe539-aa1c-4715-a4dd-25f33ef30a49,SUP-0005,Closed,2026-07-26,LOC-PLANT-001,172750,USD,2026-07-28,2026-08-03
a68a4ec3-1a62-4d43-82ec-d57534ebb8f7,SUP-0005,Closed,2026-05-25,LOC-PLANT-001,63000,USD,2026-05-26,2026-06-01
f602c502-7873-4ae2-beff-66ddf940ef35,SUP-0004,Closed,2026-03-14,LOC-PLANT-002,175000,USD,2026-03-16,2026-03-23
0a8d55ef-eef6-40fb-a823-0742e2fb2a99,SUP-0009,Closed,2026-03-29,LOC-PLANT-002,151250,USD,2026-03-31,2026-04-09
1f1e759c-5a21-43ee-8366-8bf473fb3586,SUP-0009,Closed,2026-04-12,LOC-PLANT-002,54000,USD,2026-04-14,2026-04-25
4d54f247-d016-4634-bae0-1c171bdf5910,SUP-0002,Closed,2026-06-29,LOC-PLANT-001,38250,USD,2026-07-01,2026-07-06
10e18124-3d50-43b1-b29b-856067967175,SUP-0002,Closed,2026-03-25,LOC-PLANT-002,94500,USD,2026-03-27,2026-04-04
4224fba7-cf07-464b-a074-b5ccc851862f,SUP-0004,Closed,2026-04-04,LOC-PLANT-002,24500,USD,2026-04-05,2026-04-15
ba19b1bd-a988-46ab-8147-38203e2955f1,SUP-0009,Closed,2026-06-18,LOC-PLANT-001,136500,USD,2026-06-20,2026-06-27
bf8e2561-551d-4be2-b70f-0e2475de91ee,SUP-0001,Closed,2026-05-19,LOC-PLANT-001,14250,USD,2026-05-20,2026-05-27
508d73a7-cb50-472c-bf9a-58394a478115,SUP-0008,Closed,2026-05-11,LOC-PLANT-002,64500,USD,2026-05-13,2026-05-22
1e9ce0b6-a120-4f54-800a-8fe728ba73f7,SUP-0001,Closed,2026-08-21,LOC-PLANT-002,3750,USD,2026-08-23,2026-08-31
97e84aea-04e9-4a35-9f70-971405240450,SUP-0002,Closed,2026-05-19,LOC-PLANT-002,101000,USD,2026-05-20,2026-05-29
11f4e25b-a5a2-4f0d-9ded-7d74a01efd43,SUP-0008,Closed,2026-07-19,LOC-PLANT-001,64500,USD,2026-07-21,2026-07-31
bff5e0d4-3429-4266-9d5e-85518e1b746a,SUP-0007,Closed,2026-03-07,LOC-PLANT-002,134750,USD,2026-03-09,2026-03-20
ebf0276a-96cb-4466-9f6c-fcec8ed38be5,SUP-0001,Closed,2026-06-03,LOC-PLANT-002,105000,USD,2026-06-05,2026-06-10
9762755c-5c4e-477c-a738-e435154d1331,SUP-0001,Closed,2026-03-24,LOC-PLANT-001,78000,USD,2026-03-26,2026-03-30
e90e9068-7ea3-4178-a138-746709acc101,SUP-0005,Closed,2026-04-04,LOC-PLANT-001,104500,USD,2026-04-06,2026-04-14
d5620e33-d7c9-4a2c-9396-8705701daa9e,SUP-0002,Closed,2026-04-18,LOC-PLANT-001,69750,USD,2026-04-20,2026-04-23
2a1a177e-047e-4271-adf5-63dea4ca55e4,SUP-0009,Closed,2026-07-30,LOC-PLANT-001,80250,USD,2026-07-31,2026-08-10
2f10075f-9ada-430b-8378-82de9cc4b97d,SUP-0010,Closed,2026-08-20,LOC-PLANT-001,77750,USD,2026-08-22,2026-08-28
4cd93e5a-c78d-4ef6-9413-b6c1a9d1783e,SUP-0001,Closed,2026-08-14,LOC-PLANT-001,162750,USD,2026-08-16,2026-08-21
7017150b-ab1a-4be6-95f5-09ecc237612e,SUP-0004,Closed,2026-07-23,LOC-PLANT-002,21000,USD,2026-07-24,2026-08-01
5935d8de-2bb2-4423-976d-cfaa27bf4232,SUP-0010,Closed,2026-04-10,LOC-PLANT-002,113000,USD,2026-04-11,2026-04-18
591f9414-38b3-4470-b6ba-1108d4439475,SUP-0005,Closed,2026-08-17,LOC-PLANT-002,37000,USD,2026-08-18,2026-08-27
69366b66-2cb8-4682-80f1-e6bf15f0a75b,SUP-0001,Closed,2026-06-29,LOC-PLANT-001,132500,USD,2026-07-01,2026-07-05
52235c08-9c10-45f2-9fed-87abbf8975fe,SUP-0008,Closed,2026-07-11,LOC-PLANT-001,60000,USD,2026-07-13,2026-07-25
985c1eab-593d-4499-8ace-a11aee83f62a,SUP-0008,Closed,2026-03-27,LOC-PLANT-001,133750,USD,2026-03-29,2026-04-04
d163bee7-43ed-46d8-9869-2415ca998211,SUP-0007,Closed,2026-03-11,LOC-PLANT-001,121500,USD,2026-03-13,2026-03-22
c2a90bcf-74d7-49bb-89a2-4ea37a18961c,SUP-0004,Closed,2026-05-31,LOC-PLANT-001,31500,USD,2026-06-01,2026-06-05
24a73b09-aaa0-48bd-ac3b-e7d39f8dab5a,SUP-0009,Closed,2026-06-22,LOC-PLANT-002,113250,USD,2026-06-23,2026-07-04
64870ab1-8c92-48d0-bc5c-f0bde355e676,SUP-0003,Closed,2026-04-03,LOC-PLANT-002,36000,USD,2026-04-05,2026-04-11
c257d5e2-5bd6-44e3-b158-b9472dba74b4,SUP-0004,Closed,2026-07-14,LOC-PLANT-001,191250,USD,2026-07-15,2026-07-25
50e95ee6-58bc-4901-b477-1f7b15c8e578,SUP-0006,Closed,2026-04-03,LOC-PLANT-001,22500,USD,2026-04-05,2026-04-11
19bd3a6f-51b3-4abd-beda-1900c55eeced,SUP-0006,Closed,2026-03-18,LOC-PLANT-001,18000,USD,2026-03-20,2026-03-28
663ba959-8136-433d-8bfc-ca385ababace,SUP-0004,Closed,2026-03-29,LOC-PLANT-001,24500,USD,2026-03-31,2026-04-08
97450f71-c74d-4f7f-9091-9a39f2acc023,SUP-0010,Closed,2026-03-16,LOC-PLANT-002,181000,USD,2026-03-17,2026-03-24
c0726f6a-1896-490a-8bf3-d697b1c41d6c,SUP-0001,Closed,2026-08-23,LOC-PLANT-002,54000,USD,2026-08-25,2026-08-29
50c755c7-fce5-422d-9cfe-77b32e702b01,SUP-0008,Closed,2026-04-23,LOC-PLANT-001,189750,USD,2026-04-24,2026-05-03
71b7fa0b-ade8-4690-920c-b272e9ac6e8a,SUP-0003,Closed,2026-05-20,LOC-PLANT-002,126000,USD,2026-05-22,2026-06-02
52bbc04c-627d-46a5-8692-0c634ac619fa,SUP-0006,Closed,2026-06-04,LOC-PLANT-001,157000,USD,2026-06-06,2026-06-11
7e436303-967b-4125-89aa-0f642a23211e,SUP-0010,Closed,2026-06-19,LOC-PLANT-002,73500,USD,2026-06-20,2026-06-26
cbc8844c-c83e-4611-a8ec-31524c565f4a,SUP-0004,Closed,2026-03-20,LOC-PLANT-002,63000,USD,2026-03-21,2026-04-03
82903178-cd6d-4793-bb51-94b971732ff4,SUP-0007,Closed,2026-04-11,LOC-PLANT-001,21000,USD,2026-04-13,2026-04-21
3e12fe9c-10e9-4975-a6a0-99ef257a4fdb,SUP-0008,Closed,2026-04-13,LOC-PLANT-002,60000,USD,2026-04-14,2026-04-25
16f749ce-72e3-4b2c-bc7c-19018baf8172,SUP-0006,Closed,2026-06-05,LOC-PLANT-002,143250,USD,2026-06-07,2026-06-13
332abc38-63d1-41dd-aee1-6d35f8c25c34,SUP-0009,Closed,2026-08-12,LOC-PLANT-002,70500,USD,2026-08-14,2026-08-24
560b8118-0fa5-473e-ac9a-3ecc32c70f95,SUP-0002,Closed,2026-05-31,LOC-PLANT-002,91500,USD,2026-06-01,2026-06-09
fce9d68a-2ecd-4a32-9b46-95ef34b65d79,SUP-0008,Closed,2026-04-04,LOC-PLANT-002,26000,USD,2026-04-05,2026-04-13
8b6f3d7b-f35b-4352-944c-94f03b122d10,SUP-0003,Closed,2026-07-23,LOC-PLANT-002,54000,USD,2026-07-25,2026-08-02
43a47653-cc92-4810-aa00-b099da3527f7,SUP-0001,Closed,2026-08-28,LOC-PLANT-002,36000,USD,2026-08-29,2026-09-06
58f5737f-59a9-40a8-a219-02e28513591b,SUP-0006,Closed,2026-06-18,LOC-PLANT-002,110750,USD,2026-06-19,2026-06-27
1afdd7fa-8bef-476b-9879-5b9645ef442e,SUP-0010,Closed,2026-04-08,LOC-PLANT-002,140000,USD,2026-04-10,2026-04-20
8d34b4b3-8336-4226-a143-078f84af79fe,SUP-0010,Closed,2026-07-02,LOC-PLANT-002,86000,USD,2026-07-03,2026-07-09
7346ff75-b381-4711-8895-298b98f9ccee,SUP-0003,Closed,2026-05-25,LOC-PLANT-002,107750,USD,2026-05-27,2026-06-05
37dd9369-c62f-483c-8cf6-c1f018cfb934,SUP-0006,Closed,2026-05-03,LOC-PLANT-002,138500,USD,2026-05-05,2026-05-11
ddc4d4ae-c677-493d-9901-6797c65b071f,SUP-0002,Closed,2026-07-04,LOC-PLANT-002,101250,USD,2026-07-05,2026-07-13
939aa4c1-1b33-4007-b58f-4f041eca0f2d,SUP-0007,Closed,2026-08-19,LOC-PLANT-002,126000,USD,2026-08-21,2026-08-29
a473e379-5901-4a3d-926b-20ec4791d10f,SUP-0007,Closed,2026-03-09,LOC-PLANT-002,170500,USD,2026-03-11,2026-03-20
3423e81b-d829-4e72-9d83-dca91a32f14f,SUP-0001,Closed,2026-08-23,LOC-PLANT-001,184500,USD,2026-08-24,2026-08-30
b60fd33c-3cd3-46cd-984b-01b1d7055c11,SUP-0002,Closed,2026-06-03,LOC-PLANT-002,56500,USD,2026-06-05,2026-06-12
8b2abcd0-d62d-44d3-b1f0-f9980fcd90be,SUP-0007,Closed,2026-06-21,LOC-PLANT-002,20000,USD,2026-06-23,2026-07-02
f4db9f9e-4a1d-4f84-8cfc-f51b82efaba6,SUP-0008,Closed,2026-05-05,LOC-PLANT-001,78250,USD,2026-05-07,2026-05-19
ab840a0e-fd7b-4807-b729-007b2c7eb54b,SUP-0006,Closed,2026-06-15,LOC-PLANT-002,139500,USD,2026-06-16,2026-06-27
0a7cf919-4236-4488-ba9c-4537fa5c8820,SUP-0006,Closed,2026-08-02,LOC-PLANT-002,193250,USD,2026-08-03,2026-08-11
a7417e31-21e0-4701-956d-4fdca578f076,SUP-0003,Closed,2026-07-11,LOC-PLANT-002,48500,USD,2026-07-12,2026-07-20
1748d47a-b439-4512-b736-237ecf8bfca6,SUP-0006,Closed,2026-06-27,LOC-PLANT-002,152750,USD,2026-06-29,2026-07-04
66b3bd50-1b85-45ed-970d-a67db1467ab3,SUP-0009,Closed,2026-03-09,LOC-PLANT-001,110000,USD,2026-03-11,2026-03-20
2b0c508d-0f92-45af-943d-84b185085830,SUP-0002,Closed,2026-04-18,LOC-PLANT-002,82000,USD,2026-04-19,2026-04-29
dc9dfba7-4896-470c-ad69-c62c25672b62,SUP-0010,Closed,2026-06-05,LOC-PLANT-001,60750,USD,2026-06-06,2026-06-08
5f63ee1d-ceb4-427e-a937-24b1edeb09bf,SUP-0007,Closed,2026-03-23,LOC-PLANT-001,138750,USD,2026-03-24,2026-04-01
a4b48798-8494-40fd-98ae-a600872c84d8,SUP-0008,Closed,2026-06-11,LOC-PLANT-002,108000,USD,2026-06-12,2026-06-23
2ae01cd0-35c3-4e67-b337-41c37d49d202,SUP-0008,Closed,2026-04-06,LOC-PLANT-002,58500,USD,2026-04-08,2026-04-22
d392a9e4-992e-439a-94c9-436269b13720,SUP-0001,Closed,2026-06-18,LOC-PLANT-002,156750,USD,2026-06-19,2026-06-25
923182ce-bf5f-42c5-b95b-b10046cc2460,SUP-0002,Closed,2026-05-04,LOC-PLANT-002,18000,USD,2026-05-06,2026-05-13
bbece499-7feb-47c5-a34f-8684c3f8d57d,SUP-0002,Closed,2026-05-17,LOC-PLANT-001,138000,USD,2026-05-19,2026-05-21
14a307d0-ebc1-41b8-b0ea-b2509bf6800f,SUP-0006,Closed,2026-08-25,LOC-PLANT-001,93000,USD,2026-08-26,2026-09-04
d2bbbde6-303d-44ac-9fac-b1f0add97516,SUP-0002,Closed,2026-06-16,LOC-PLANT-002,86250,USD,2026-06-17,2026-06-24
77509ca1-d06d-4d83-91de-ea123dacb903,SUP-0003,Closed,2026-07-31,LOC-PLANT-001,128000,USD,2026-08-02,2026-08-06
037839ea-e573-407a-9e9e-509ca57f3fa8,SUP-0010,Closed,2026-06-01,LOC-PLANT-002,24000,USD,2026-06-03,2026-06-09
600d042b-b270-449e-9c7c-a1f195de6231,SUP-0007,Closed,2026-04-01,LOC-PLANT-001,53000,USD,2026-04-03,2026-04-10
2b6e6d67-ae1d-415a-a745-7bbfd6fa2c9f,SUP-0002,Closed,2026-04-28,LOC-PLANT-002,91500,USD,2026-04-29,2026-05-08
97a5086d-d683-4750-8c48-686edf9f7c15,SUP-0009,Closed,2026-05-28,LOC-PLANT-002,126750,USD,2026-05-29,2026-06-10
1eed3b4d-b463-4527-99de-673968fd6307,SUP-0007,Closed,2026-04-28,LOC-PLANT-001,18000,USD,2026-04-30,2026-05-10
68a0d97d-d93a-4470-a27e-6942764a6119,SUP-0010,Closed,2026-03-31,LOC-PLANT-001,107000,USD,2026-04-02,2026-04-04
8e8e8a6a-99bd-4227-bacb-e3ec87a395aa,SUP-0006,Closed,2026-06-16,LOC-PLANT-001,5000,USD,2026-06-17,2026-06-23
0baa4985-1592-426f-97e9-df8b9d2a7a0e,SUP-0010,Closed,2026-03-30,LOC-PLANT-001,164750,USD,2026-03-31,2026-04-04
3e718d7f-77e2-4aca-a13d-a5466874065e,SUP-0001,Closed,2026-03-19,LOC-PLANT-001,46000,USD,2026-03-21,2026-03-25
8bff0ceb-2e7e-4bbf-9762-0de8a5d9e75b,SUP-0009,Closed,2026-07-29,LOC-PLANT-001,51000,USD,2026-07-30,2026-08-05
68402df3-996b-4b9d-8040-083512beb4c5,SUP-0005,Closed,2026-08-05,LOC-PLANT-001,130500,USD,2026-08-06,2026-08-13
01c0d280-5a9e-4424-b389-a4067dc13ae8,SUP-0010,Closed,2026-03-13,LOC-PLANT-002,57000,USD,2026-03-15,2026-03-22
ddd777bd-825f-40b0-809c-581baa1d6ecf,SUP-0003,Closed,2026-06-08,LOC-PLANT-001,133500,USD,2026-06-09,2026-06-13
1c29ae3b-c61c-4073-947a-65d874e9612d,SUP-0002,Closed,2026-08-12,LOC-PLANT-001,32000,USD,2026-08-14,2026-08-15
39eb8572-fa5e-4f52-886c-99f38b48059f,SUP-0002,Closed,2026-04-12,LOC-PLANT-002,9000,USD,2026-04-14,2026-04-24
e17f44b6-e364-4155-b86d-ae320764ac92,SUP-0003,Closed,2026-07-01,LOC-PLANT-001,54000,USD,2026-07-02,2026-07-10
eb566406-ad90-44ed-8ef8-a3d80ce986a9,SUP-0008,Closed,2026-04-14,LOC-PLANT-001,30000,USD,2026-04-16,2026-04-26
1c77e39f-0fbf-4ed4-9db1-eec8180c4e2c,SUP-0002,Closed,2026-04-05,LOC-PLANT-002,28250,USD,2026-04-07,2026-04-13
d7c204d6-60e9-4f8e-9e8e-3ed17d29fac0,SUP-0003,Closed,2026-03-12,LOC-PLANT-002,130250,USD,2026-03-13,2026-03-20
dd78fd3a-2a69-4fb4-95cf-fc2236b57dcc,SUP-0008,Closed,2026-04-01,LOC-PLANT-001,164500,USD,2026-04-03,2026-04-14
6bbf9229-d0c3-42e5-a858-13feea045c7d,SUP-0008,Closed,2026-04-06,LOC-PLANT-001,199000,USD,2026-04-07,2026-04-16
cbd6440a-6342-44ed-a9ee-4413dcca8d38,SUP-0002,Closed,2026-05-02,LOC-PLANT-001,44000,USD,2026-05-04,2026-05-07
8278316c-a2d6-4c0b-a016-5a3e29511b3e,SUP-0009,Closed,2026-05-26,LOC-PLANT-002,80000,USD,2026-05-27,2026-06-06
e1fc3fa3-98c6-47b7-a8b4-b6c67a2087b1,SUP-0009,Closed,2026-04-29,LOC-PLANT-001,210500,USD,2026-05-01,2026-05-10
130c1e7b-2803-4deb-bb7b-fd1026032a3c,SUP-0009,Closed,2026-06-01,LOC-PLANT-001,141000,USD,2026-06-02,2026-06-13
8effdee4-e079-4ee0-86c8-a71c988f6db0,SUP-0004,Closed,2026-03-09,LOC-PLANT-001,68000,USD,2026-03-11,2026-03-17
1cf98127-87c7-449c-8d45-1a0e166420de,SUP-0003,Closed,2026-03-24,LOC-PLANT-001,185000,USD,2026-03-26,2026-04-03
36017998-9f5c-4edf-9ad3-94b264e54e1b,SUP-0005,Closed,2026-06-21,LOC-PLANT-002,173000,USD,2026-06-23,2026-06-29
69c3d090-fb6b-418c-8360-f364489b914c,SUP-0002,Closed,2026-06-11,LOC-PLANT-001,54750,USD,2026-06-12,2026-06-15
3fb66f9d-a264-46c2-b0e1-2d94d79e142f,SUP-0010,Closed,2026-06-20,LOC-PLANT-001,29250,USD,2026-06-22,2026-06-24
9c6a3485-87b6-4a75-a2a1-f2448b7ee866,SUP-0005,Closed,2026-03-14,LOC-PLANT-002,4500,USD,2026-03-15,2026-03-22
528a2865-0c51-4de0-b9b9-fff38c336fac,SUP-0004,Closed,2026-04-07,LOC-PLANT-001,166500,USD,2026-04-08,2026-04-15
3c47c91d-ba1a-4472-9ea4-4bfbaddfb6b8,SUP-0003,Closed,2026-04-07,LOC-PLANT-001,25500,USD,2026-04-09,2026-04-14
0085cce6-f845-4e12-965c-511e03c1c655,SUP-0002,Closed,2026-07-03,LOC-PLANT-002,154750,USD,2026-07-04,2026-07-13
dee4452c-f50d-45f7-81d1-7359c862503f,SUP-0006,Closed,2026-05-11,LOC-PLANT-001,125500,USD,2026-05-13,2026-05-22
6d5e174c-c265-4a60-80a6-d8d16e94d531,SUP-0004,Closed,2026-07-14,LOC-PLANT-001,9000,USD,2026-07-16,2026-07-24
a3ed2ec2-17dd-4e6e-9717-5ce7ae54ab35,SUP-0003,Closed,2026-03-06,LOC-PLANT-002,21000,USD,2026-03-08,2026-03-18
aa86c625-650b-4e60-bd6c-0c57d704482c,SUP-0004,Closed,2026-07-14,LOC-PLANT-002,31000,USD,2026-07-16,2026-07-23
ab927945-f44b-43e6-9805-181a9d3693e4,SUP-0003,Closed,2026-05-26,LOC-PLANT-002,62000,USD,2026-05-27,2026-06-07
213328b2-0cf6-439b-8d1a-29490d3de336,SUP-0004,Closed,2026-07-19,LOC-PLANT-001,141000,USD,2026-07-21,2026-07-28
f948331f-68ba-4cba-ac3b-9a765c377bd3,SUP-0006,Closed,2026-06-21,LOC-PLANT-001,118750,USD,2026-06-23,2026-06-28
68426b32-a753-40be-a663-fb3359dbcace,SUP-0010,Closed,2026-05-09,LOC-PLANT-001,37000,USD,2026-05-10,2026-05-14
3dfc8678-8078-4354-bd56-6f3126c33e42,SUP-0010,Closed,2026-06-06,LOC-PLANT-002,113750,USD,2026-06-07,2026-06-13
f48147c3-c1e2-48ef-a987-323acd8bd1b7,SUP-0006,Closed,2026-05-23,LOC-PLANT-002,140750,USD,2026-05-25,2026-05-30
6e1ea996-dfc3-49cd-b968-30cfec1212f0,SUP-0004,Closed,2026-08-11,LOC-PLANT-001,160500,USD,2026-08-12,2026-08-20
b78ac0a8-f3d8-407b-a1a6-a4959fb4673f,SUP-0010,Closed,2026-06-04,LOC-PLANT-001,189500,USD,2026-06-06,2026-06-08
fd52d5ca-af7f-45eb-b170-30312f6f71f2,SUP-0008,Closed,2026-05-13,LOC-PLANT-001,92750,USD,2026-05-15,2026-05-26
99d32365-4623-4ec6-b02b-e030b533d053,SUP-0009,Closed,2026-04-23,LOC-PLANT-001,87000,USD,2026-04-24,2026-05-02
acb8ad7d-0f54-497f-ac06-b725eb1dedec,SUP-0009,Closed,2026-08-12,LOC-PLANT-001,29000,USD,2026-08-13,2026-08-19
d0b41aa3-fe69-46e9-b132-e2d5cd3372a0,SUP-0007,Closed,2026-07-06,LOC-PLANT-001,46500,USD,2026-07-07,2026-07-18
145ae022-fa5a-4f83-8a4f-42b1ba5a8a88,SUP-0007,Closed,2026-05-13,LOC-PLANT-002,104500,USD,2026-05-15,2026-05-25
4320e859-e3e3-481b-81ed-d3ec505dec96,SUP-0003,Closed,2026-08-26,LOC-PLANT-001,60000,USD,2026-08-27,2026-09-02
0b4b8abe-aba4-48fc-b822-afe3c7ffbfde,SUP-0007,Closed,2026-04-19,LOC-PLANT-002,137000,USD,2026-04-21,2026-05-04
bee57cc7-e374-48f8-bbe0-9647ab22d055,SUP-0004,Closed,2026-05-17,LOC-PLANT-002,68000,USD,2026-05-19,2026-05-30
f0da678d-0733-4788-ad01-94266b93ebf5,SUP-0008,Closed,2026-03-08,LOC-PLANT-001,104500,USD,2026-03-09,2026-03-15
983c30c5-669b-4b4e-a331-f791d4b2f3e2,SUP-0002,Closed,2026-05-21,LOC-PLANT-002,22500,USD,2026-05-22,2026-05-31
a35a1e1b-10e0-409a-ab5a-3c33a61de736,SUP-0009,Closed,2026-08-03,LOC-PLANT-002,197750,USD,2026-08-05,2026-08-13
29324d5a-0388-49e6-ae4b-7bc3a1fe10e6,SUP-0004,Closed,2026-05-27,LOC-PLANT-002,100000,USD,2026-05-28,2026-06-05
503aafaa-774e-46f3-9388-2c1c13c2b8b3,SUP-0004,Closed,2026-04-19,LOC-PLANT-001,120000,USD,2026-04-20,2026-04-27
200c796a-bb63-4777-abbc-1d34da9fd124,SUP-0004,Closed,2026-07-06,LOC-PLANT-001,61500,USD,2026-07-07,2026-07-13
d7698186-5f9f-4832-9a79-cceca0e09d7b,SUP-0008,Closed,2026-03-21,LOC-PLANT-002,82250,USD,2026-03-23,2026-04-01
653138d1-8d33-470e-9c7b-ff8928ddf369,SUP-0002,Closed,2026-05-18,LOC-PLANT-001,55500,USD,2026-05-20,2026-05-23
daa37487-7ff7-4236-b28f-546636ecd27b,SUP-0005,Closed,2026-05-30,LOC-PLANT-002,52500,USD,2026-05-31,2026-06-09
161eda7b-8657-4cb1-ba14-c795afbc0982,SUP-0008,Closed,2026-03-26,LOC-PLANT-002,157750,USD,2026-03-28,2026-04-06
53e0de5e-d0aa-4521-8ae8-1bc06bf64cdc,SUP-0004,Closed,2026-07-05,LOC-PLANT-001,144000,USD,2026-07-06,2026-07-14
4ed32932-e129-4c85-aae3-cb67875380cb,SUP-0001,Closed,2026-05-25,LOC-PLANT-002,116500,USD,2026-05-26,2026-05-30
3f3004e8-0201-4f98-a55a-c8d5e59f8e4d,SUP-0008,Closed,2026-03-16,LOC-PLANT-001,49000,USD,2026-03-18,2026-03-27
06c98a4e-4821-460e-b57c-5659c3d0fcfb,SUP-0005,Closed,2026-04-25,LOC-PLANT-002,35000,USD,2026-04-26,2026-05-06
19efab74-c344-4e0c-885e-c304aeb7dd16,SUP-0008,Closed,2026-05-25,LOC-PLANT-001,96000,USD,2026-05-26,2026-06-03
5093d451-b104-4439-a8f3-3f31a271cb21,SUP-0008,Closed,2026-03-20,LOC-PLANT-002,66000,USD,2026-03-22,2026-04-04
da865e2c-b0e4-49b6-8980-065f9a9cc983,SUP-0004,Closed,2026-08-06,LOC-PLANT-002,200000,USD,2026-08-08,2026-08-16
7358d49b-1dc8-4c1f-8624-0ea94b1a58cf,SUP-0004,Closed,2026-08-29,LOC-PLANT-002,50500,USD,2026-08-30,2026-09-08
f95e0d30-699f-4a29-add6-f5cd02df97da,SUP-0010,Closed,2026-07-14,LOC-PLANT-002,65500,USD,2026-07-16,2026-07-24
5a486cf9-a132-4455-a7b9-f21bb96b354a,SUP-0001,Closed,2026-08-26,LOC-PLANT-002,30750,USD,2026-08-27,2026-09-04
d9eb9bdd-7fcc-4c9c-bc3b-2c96b864b7f3,SUP-0002,Closed,2026-04-24,LOC-PLANT-001,57000,USD,2026-04-26,2026-04-29
48b0d547-1e18-4512-b819-d0d16fec2eee,SUP-0007,Closed,2026-05-18,LOC-PLANT-001,161500,USD,2026-05-20,2026-05-26
7bcf12be-19d3-4782-8da2-c0dfb03cbb76,SUP-0008,Closed,2026-07-04,LOC-PLANT-001,208000,USD,2026-07-06,2026-07-14
835e800d-a6eb-4b25-aab0-b2e1f423b1ea,SUP-0007,Closed,2026-05-07,LOC-PLANT-001,38250,USD,2026-05-09,2026-05-17
f1306c40-c12b-4a2b-a027-f2e48f56718f,SUP-0008,Closed,2026-04-12,LOC-PLANT-001,153000,USD,2026-04-13,2026-04-21
439f8a1a-faaa-42bb-b112-99d32932c030,SUP-0009,Closed,2026-03-05,LOC-PLANT-001,133000,USD,2026-03-07,2026-03-18
b2e5014f-12f9-4d6b-8147-d057e36f91c9,SUP-0001,Closed,2026-05-29,LOC-PLANT-002,40000,USD,2026-05-30,2026-06-08
7724a635-35f9-40be-bf23-d3788a323fdd,SUP-0007,Closed,2026-08-07,LOC-PLANT-001,33000,USD,2026-08-08,2026-08-20
0f60c168-2ddb-4d2b-8de5-e5daf19f5ab9,SUP-0006,Closed,2026-07-31,LOC-PLANT-001,24750,USD,2026-08-01,2026-08-12
7b3fe5c0-098b-4511-be20-aef0b9d87957,SUP-0002,Closed,2026-04-19,LOC-PLANT-002,152250,USD,2026-04-20,2026-04-26
915ed6c4-d63d-4b98-b6e3-489fdefadf9e,SUP-0003,Closed,2026-03-25,LOC-PLANT-002,114000,USD,2026-03-27,2026-04-04
5ee5fc69-c937-44c3-b45c-6af8434330d5,SUP-0005,Closed,2026-04-02,LOC-PLANT-002,21000,USD,2026-04-03,2026-04-14
8bafb7d8-9f06-4738-8727-5ed70b2279d6,SUP-0010,Closed,2026-05-24,LOC-PLANT-002,138500,USD,2026-05-25,2026-05-31
9ce2b976-c67d-408c-8f5c-144cb07a879f,SUP-0005,Closed,2026-04-28,LOC-PLANT-001,138500,USD,2026-04-29,2026-05-08
451c238f-51fc-4e10-9061-91134ab44546,SUP-0005,Closed,2026-03-20,LOC-PLANT-002,37500,USD,2026-03-21,2026-04-03
8d77c337-027d-41ee-9b11-256a28007da0,SUP-0006,Closed,2026-04-29,LOC-PLANT-001,77000,USD,2026-05-01,2026-05-07
5db9ec12-78d1-400b-84b2-1045c254e61e,SUP-0007,Closed,2026-07-10,LOC-PLANT-002,74000,USD,2026-07-12,2026-07-20
21678313-4220-4eaf-b0b4-36ebfbac542e,SUP-0003,Closed,2026-03-10,LOC-PLANT-001,37000,USD,2026-03-12,2026-03-17
48177ff5-8503-4409-a045-7bb696ad5793,SUP-0008,Closed,2026-08-12,LOC-PLANT-002,67500,USD,2026-08-13,2026-08-21
df85c5a7-4150-44a0-9406-3aec0ebb9265,SUP-0009,Closed,2026-07-13,LOC-PLANT-002,53000,USD,2026-07-14,2026-07-23
bd6fe61b-2866-469e-b2a6-bcf996a68a92,SUP-0008,Closed,2026-08-08,LOC-PLANT-001,18000,USD,2026-08-10,2026-08-20
edf2d9ca-3d1c-45f0-a519-f4d4f0717374,SUP-0006,Closed,2026-08-01,LOC-PLANT-002,129750,USD,2026-08-02,2026-08-08
a6a03745-fa41-4f4f-a091-3e2e2191d2df,SUP-0006,Closed,2026-07-12,LOC-PLANT-001,105750,USD,2026-07-13,2026-07-24
b29f44d5-9e89-48ab-b1e7-a77260375e90,SUP-0009,Closed,2026-06-03,LOC-PLANT-001,132000,USD,2026-06-05,2026-06-12
a8ab80e5-4417-40cd-b192-e84b542d42ed,SUP-0009,Closed,2026-06-06,LOC-PLANT-001,148250,USD,2026-06-08,2026-06-19
313dfe6d-70bd-4a0b-b540-25d629bc2f63,SUP-0004,Closed,2026-04-12,LOC-PLANT-002,83000,USD,2026-04-14,2026-04-20
f53e9d2b-ca2b-4503-9f37-851cdb9805f1,SUP-0007,Closed,2026-06-23,LOC-PLANT-001,83000,USD,2026-06-25,2026-07-02
72f18feb-ba5b-4faa-aa3c-c7f58fe88871,SUP-0009,Closed,2026-04-04,LOC-PLANT-001,43500,USD,2026-04-05,2026-04-12
b2e5c05e-95a6-4264-b224-32be95d19387,SUP-0007,Closed,2026-07-09,LOC-PLANT-001,48000,USD,2026-07-11,2026-07-23
f60b91ee-f4e1-4686-b303-1b09421cbe21,SUP-0002,Closed,2026-08-05,LOC-PLANT-001,49000,USD,2026-08-07,2026-08-10
467748b0-c8a8-4268-857f-b8964224fa27,SUP-0001,Closed,2026-03-13,LOC-PLANT-001,180000,USD,2026-03-14,2026-03-22
6e1acc5c-f109-4424-968b-68d5e381b320,SUP-0007,Closed,2026-08-10,LOC-PLANT-002,74500,USD,2026-08-12,2026-08-21
24f935bb-87d9-4fcf-a42b-5304a457e9be,SUP-0008,Closed,2026-04-05,LOC-PLANT-002,18000,USD,2026-04-06,2026-04-20
dc98eb6c-dae7-449b-8649-fcc94ac2cf0b,SUP-0008,Closed,2026-04-27,LOC-PLANT-001,37000,USD,2026-04-28,2026-05-06
8de392e7-078a-46c3-98d4-cc999d6b376e,SUP-0003,Closed,2026-07-27,LOC-PLANT-002,116500,USD,2026-07-28,2026-08-06
eef9d9e3-42c2-4488-9128-01fe6c5d4734,SUP-0002,Closed,2026-06-12,LOC-PLANT-002,36750,USD,2026-06-13,2026-06-20
9d18fca9-338d-4f53-bc21-c907a9e276d3,SUP-0003,Closed,2026-07-29,LOC-PLANT-001,7500,USD,2026-07-30,2026-08-07
6e29d686-6fc0-4d48-8caa-6874eb71483f,SUP-0010,Closed,2026-07-06,LOC-PLANT-001,172000,USD,2026-07-07,2026-07-09
3ff089a4-55da-4406-a43b-6749acee224d,SUP-0006,Closed,2026-05-19,LOC-PLANT-002,128250,USD,2026-05-21,2026-05-26
ee90ea8f-2d5c-40a7-a06b-09f520917a4c,SUP-0008,Closed,2026-08-26,LOC-PLANT-001,40500,USD,2026-08-27,2026-09-02
36e9b12e-48ea-4026-bf9b-b1015b9c80c9,SUP-0007,Closed,2026-04-12,LOC-PLANT-001,40000,USD,2026-04-13,2026-04-20
fce544d7-2ed7-4530-ad58-9da72de16e8a,SUP-0010,Closed,2026-04-09,LOC-PLANT-001,75000,USD,2026-04-10,2026-04-12
1cb00a71-e391-4f20-8d5c-bd34e571e209,SUP-0008,Closed,2026-06-19,LOC-PLANT-001,42000,USD,2026-06-21,2026-07-03
b76c0c99-28a5-4be1-a7f9-08fb28e24144,SUP-0007,Closed,2026-05-01,LOC-PLANT-002,119500,USD,2026-05-02,2026-05-10
18130544-5097-4149-989e-8cc39bab4997,SUP-0004,Closed,2026-08-13,LOC-PLANT-001,109500,USD,2026-08-15,2026-08-20
2c8ee5ac-c412-4177-9787-50bb90b13387,SUP-0009,Closed,2026-07-15,LOC-PLANT-002,110000,USD,2026-07-16,2026-07-28
49a1a66f-80a3-4a7c-ad15-6ec09fabb779,SUP-0004,Closed,2026-04-11,LOC-PLANT-001,79500,USD,2026-04-13,2026-04-19
82adc7ff-31ab-47bb-aa8b-a4efb25266d9,SUP-0001,Closed,2026-04-05,LOC-PLANT-001,84000,USD,2026-04-06,2026-04-09
5fd2d94c-2826-4320-8dfa-d8f6a54a04ea,SUP-0003,Closed,2026-07-16,LOC-PLANT-002,24000,USD,2026-07-17,2026-07-24
e9643e49-c1c1-46a1-bffb-7b010fcc31cd,SUP-0008,Closed,2026-06-07,LOC-PLANT-001,68250,USD,2026-06-09,2026-06-15
5cc65f0d-1120-44f8-9ec4-826a2625b44d,SUP-0010,Closed,2026-04-06,LOC-PLANT-002,11000,USD,2026-04-07,2026-04-14
2b37a509-1c2f-4668-a690-81c261e0a726,SUP-0005,Closed,2026-04-17,LOC-PLANT-002,94000,USD,2026-04-19,2026-04-27
71161b9e-08e2-4beb-837c-962563801439,SUP-0005,Closed,2026-03-10,LOC-PLANT-001,45000,USD,2026-03-12,2026-03-17
9516cda6-95d8-4ec5-9176-d3cff287b873,SUP-0010,Closed,2026-05-04,LOC-PLANT-001,15750,USD,2026-05-06,2026-05-11
9ca73b00-8db0-4644-9679-5930075d28ee,SUP-0010,Closed,2026-03-31,LOC-PLANT-001,116000,USD,2026-04-02,2026-04-06
ab396a3f-b4d1-4214-a8bc-d7b887f96dec,SUP-0010,Closed,2026-05-13,LOC-PLANT-001,27000,USD,2026-05-15,2026-05-17
e3ebdbbc-e102-410a-8533-683f64f7e79e,SUP-0009,Closed,2026-04-24,LOC-PLANT-001,159250,USD,2026-04-26,2026-05-07
246e13a3-7d1e-41a1-b2dc-83350fe837d7,SUP-0003,Closed,2026-08-23,LOC-PLANT-001,92750,USD,2026-08-25,2026-08-28
da03895c-92f3-4691-a076-3782b83f1c58,SUP-0003,Closed,2026-07-29,LOC-PLANT-001,122000,USD,2026-07-30,2026-08-03
372a1da9-6b2d-4458-8479-1cfe6a124714,SUP-0003,Closed,2026-05-31,LOC-PLANT-002,40500,USD,2026-06-01,2026-06-07
f8de4715-8812-4acb-a095-44f7c49576f1,SUP-0001,Closed,2026-08-19,LOC-PLANT-001,85000,USD,2026-08-21,2026-08-29
d0178f7e-77f9-4ed7-9163-e12dbb53e8f3,SUP-0005,Closed,2026-04-13,LOC-PLANT-001,65000,USD,2026-04-15,2026-04-24
713cbb2a-ef1a-4e30-8825-bb3b5e3572f5,SUP-0001,Closed,2026-04-04,LOC-PLANT-001,71250,USD,2026-04-05,2026-04-11
9ff9551b-4c82-4b3f-bc3f-b1fb969c1c4e,SUP-0004,Closed,2026-06-19,LOC-PLANT-002,102000,USD,2026-06-21,2026-07-01
fd6ff0e8-3288-4532-bbf4-4b32735d26ee,SUP-0007,Closed,2026-04-30,LOC-PLANT-001,46500,USD,2026-05-02,2026-05-08
6c9e7ad5-78fd-4973-a072-eefb50c12210,SUP-0007,Closed,2026-04-18,LOC-PLANT-001,69000,USD,2026-04-19,2026-04-25
c58f72d7-9cce-402c-b0d5-e58806a01e44,SUP-0003,Closed,2026-03-09,LOC-PLANT-001,94000,USD,2026-03-11,2026-03-19
dde72439-2325-4845-abb6-4dc6948a7f34,SUP-0007,Closed,2026-06-15,LOC-PLANT-001,59500,USD,2026-06-17,2026-06-28
5a1a1625-a60b-4988-a4ac-701e4a77ad3a,SUP-0001,Closed,2026-05-14,LOC-PLANT-002,13500,USD,2026-05-16,2026-05-24
6fcc5b83-9f56-4335-8186-c94bf1e539d9,SUP-0010,Closed,2026-04-06,LOC-PLANT-001,54750,USD,2026-04-08,2026-04-11
a38434c9-2743-4201-af71-50a1ba679b64,SUP-0002,Closed,2026-05-12,LOC-PLANT-001,12000,USD,2026-05-13,2026-05-14
a7d2c954-f453-4664-9f93-f4d7fac855d9,SUP-0003,Closed,2026-07-19,LOC-PLANT-001,43500,USD,2026-07-21,2026-07-24
7bb1627d-239f-4fb9-b148-449295a94460,SUP-0009,Closed,2026-04-04,LOC-PLANT-001,7500,USD,2026-04-06,2026-04-14
e474efcc-8245-4d3a-9298-61f9b67427c1,SUP-0003,Closed,2026-07-03,LOC-PLANT-002,32000,USD,2026-07-05,2026-07-13
93d0a9b4-3055-4169-835e-43924ece3363,SUP-0003,Closed,2026-05-19,LOC-PLANT-002,148750,USD,2026-05-20,2026-05-31
a0f52bc5-d89e-4628-b869-42d8bfdbdd3c,SUP-0005,Closed,2026-07-06,LOC-PLANT-002,57500,USD,2026-07-07,2026-07-13
79e3de9f-bd4c-4b9d-8347-523de36a11e7,SUP-0004,Closed,2026-04-10,LOC-PLANT-002,53000,USD,2026-04-11,2026-04-19
33b0e65e-5e5b-44ae-afb8-ae6baa734aea,SUP-0002,Closed,2026-03-22,LOC-PLANT-001,56000,USD,2026-03-23,2026-03-27
abf05e0e-2a44-45d6-b21b-1e9b99d5412b,SUP-0010,Closed,2026-06-29,LOC-PLANT-001,76250,USD,2026-07-01,2026-07-07
16bc1dcd-b93d-4c62-b61e-5d5c16ca7d3b,SUP-0010,Closed,2026-04-22,LOC-PLANT-002,15000,USD,2026-04-24,2026-05-02
5beba8f2-5ec8-4ccf-9db4-ca2eda1daa9b,SUP-0003,Closed,2026-03-11,LOC-PLANT-002,196500,USD,2026-03-12,2026-03-18
8169f94b-eda3-470d-9c5e-eff192465978,SUP-0007,Closed,2026-06-03,LOC-PLANT-001,87500,USD,2026-06-04,2026-06-15
fb9c0f8d-e839-4256-a9bd-3c4357abd932,SUP-0005,Closed,2026-03-06,LOC-PLANT-001,127000,USD,2026-03-07,2026-03-12
52a3100d-bc64-454e-b899-4a6478f61588,SUP-0005,Closed,2026-08-31,LOC-PLANT-002,36000,USD,2026-09-02,2026-09-10
62705649-aac7-44d4-8d08-e33ae59851b1,SUP-0003,Closed,2026-08-08,LOC-PLANT-002,73250,USD,2026-08-09,2026-08-16
0a3f3e20-6843-4d97-9921-8807fff4bd64,SUP-0006,Closed,2026-03-19,LOC-PLANT-001,88500,USD,2026-03-21,2026-03-26
6989a2c7-e158-4555-ab80-bb9fd53db2a8,SUP-0003,Closed,2026-05-28,LOC-PLANT-001,118000,USD,2026-05-29,2026-06-04
e64a14c2-c65d-4c54-9464-935288ed28cf,SUP-0007,Closed,2026-05-19,LOC-PLANT-001,36000,USD,2026-05-20,2026-05-31
3d8ee15b-b3fb-4832-b406-a27628899ead,SUP-0004,Closed,2026-06-06,LOC-PLANT-001,225250,USD,2026-06-08,2026-06-13
59869769-1068-4bcc-932b-81be0d8d8105,SUP-0008,Closed,2026-07-23,LOC-PLANT-001,76500,USD,2026-07-25,2026-08-01
11b7feb5-a516-420a-ac24-e64b1af91651,SUP-0010,Closed,2026-05-02,LOC-PLANT-002,127500,USD,2026-05-03,2026-05-12
56e5efe5-bbb5-434e-9911-2984d50b5fa7,SUP-0008,Closed,2026-08-30,LOC-PLANT-002,225000,USD,2026-09-01,2026-09-10
55de2251-2fae-415b-9185-4d85d5ebe4dd,SUP-0009,Closed,2026-07-26,LOC-PLANT-002,51500,USD,2026-07-27,2026-08-10
4434e929-d47f-4096-899e-e7d1165b1e79,SUP-0007,Closed,2026-05-27,LOC-PLANT-001,230750,USD,2026-05-28,2026-06-06
0e5dd4a9-18e7-4f81-a923-a2d99c8a9aa4,SUP-0010,Closed,2026-08-06,LOC-PLANT-002,58500,USD,2026-08-07,2026-08-16
15431dc8-2692-4f62-b7f9-63c970a27002,SUP-0008,Closed,2026-08-24,LOC-PLANT-001,13500,USD,2026-08-26,2026-09-03
1f1f8b05-84fd-43e0-9407-7cc60f51f891,SUP-0008,Closed,2026-04-21,LOC-PLANT-002,54000,USD,2026-04-22,2026-05-03
f5237b81-0f53-4492-9a69-f9d53554757d,SUP-0003,Closed,2026-04-09,LOC-PLANT-001,68000,USD,2026-04-11,2026-04-15
ea0db232-77e8-41ad-be6b-ced94ad1bef9,SUP-0005,Closed,2026-04-14,LOC-PLANT-002,133250,USD,2026-04-15,2026-04-25
25296d21-3f60-4e9b-be12-c26e29d6b39d,SUP-0006,Closed,2026-08-10,LOC-PLANT-002,66500,USD,2026-08-11,2026-08-16
cd67649c-7fa2-49cf-b742-684ca92d24fa,SUP-0003,Closed,2026-08-27,LOC-PLANT-001,118500,USD,2026-08-28,2026-09-02
8e20f72e-29fa-4e3b-bfae-057925f9d2c6,SUP-0006,Closed,2026-06-09,LOC-PLANT-002,60000,USD,2026-06-10,2026-06-17
20d2ca43-5bc7-47be-bbf1-66cc909b5ce5,SUP-0010,Closed,2026-07-12,LOC-PLANT-002,67500,USD,2026-07-14,2026-07-19
03267186-8a3b-4b59-ab5a-b33998d7b5a7,SUP-0005,Closed,2026-08-26,LOC-PLANT-001,153000,USD,2026-08-27,2026-09-02
bf219910-c314-48b3-8153-9e3d28187220,SUP-0002,Closed,2026-03-18,LOC-PLANT-001,165250,USD,2026-03-20,2026-03-23
231cdede-e377-4ceb-ae2e-21da74f20ab9,SUP-0007,Closed,2026-05-15,LOC-PLANT-002,118250,USD,2026-05-16,2026-05-25
7b55d6a4-f7f5-4396-b2c1-3d2a2eceff7e,SUP-0004,Closed,2026-07-23,LOC-PLANT-002,43500,USD,2026-07-24,2026-08-02
a0770e8b-cff0-4012-9ddc-8bf2274181e7,SUP-0002,Closed,2026-06-22,LOC-PLANT-001,132000,USD,2026-06-23,2026-06-25
d87d7db1-7f94-435b-abcf-27399a4d975e,SUP-0002,Closed,2026-04-13,LOC-PLANT-001,18000,USD,2026-04-14,2026-04-16
e855cea2-6752-417e-b883-8f8ece8f279f,SUP-0005,Closed,2026-06-07,LOC-PLANT-002,67500,USD,2026-06-08,2026-06-18
a27a20e2-451e-41be-96a4-341b07083c95,SUP-0001,Closed,2026-08-17,LOC-PLANT-001,122500,USD,2026-08-19,2026-08-25
0117c64c-cfc3-4644-be0d-d7201cc77164,SUP-0005,Closed,2026-08-07,LOC-PLANT-001,76500,USD,2026-08-08,2026-08-16
80d8c8e4-f3a8-4369-9c26-4b63449c7d76,SUP-0001,Closed,2026-04-15,LOC-PLANT-002,84500,USD,2026-04-16,2026-04-25
98495201-0d6a-4c77-be9e-ee462e42dc4f,SUP-0001,Closed,2026-04-29,LOC-PLANT-002,43500,USD,2026-04-30,2026-05-06
08769ead-def9-402c-a9f0-ce3e23287282,SUP-0005,Closed,2026-04-24,LOC-PLANT-001,108500,USD,2026-04-25,2026-05-03
309ccaf5-6686-4de4-a0fd-27c48c8e9668,SUP-0006,Closed,2026-03-22,LOC-PLANT-001,31500,USD,2026-03-24,2026-03-29
ff6c946b-ca3d-4b65-9fae-ce079f05c017,SUP-0009,Closed,2026-05-21,LOC-PLANT-002,128250,USD,2026-05-22,2026-06-03
faac9781-c075-45b8-b1d1-9b5f2fa4e4e5,SUP-0007,Closed,2026-04-15,LOC-PLANT-002,54250,USD,2026-04-16,2026-04-24
5760f4cb-40b2-4c5e-b445-231023f7f083,SUP-0007,Closed,2026-06-19,LOC-PLANT-002,34500,USD,2026-06-20,2026-06-29
30e80ca3-9bc6-42f9-b4f0-8368e9c8da64,SUP-0005,Closed,2026-06-19,LOC-PLANT-001,138250,USD,2026-06-20,2026-06-24
c4891636-9da2-48e2-8aa7-9e9892291c74,SUP-0010,Closed,2026-05-04,LOC-PLANT-002,61500,USD,2026-05-05,2026-05-15
68775085-576e-4bc4-b162-a2c9b656c53e,SUP-0003,Closed,2026-03-13,LOC-PLANT-001,148250,USD,2026-03-14,2026-03-23
942f6a86-a075-4651-95dc-2219cddfb30b,SUP-0001,Closed,2026-04-17,LOC-PLANT-001,33750,USD,2026-04-19,2026-04-22
7e699997-494e-4837-a10c-05bc24ba9d25,SUP-0007,Closed,2026-08-24,LOC-PLANT-001,63000,USD,2026-08-25,2026-09-02
dce8acec-592c-4381-addd-964b411f6f14,SUP-0005,Closed,2026-07-31,LOC-PLANT-001,51000,USD,2026-08-01,2026-08-06
ec8195f9-0db0-4bdc-bdee-91fa9db7bfc1,SUP-0004,Closed,2026-06-10,LOC-PLANT-002,156250,USD,2026-06-11,2026-06-19
17e0b2e6-a788-45e2-b6b6-8417b6f6bb23,SUP-0008,Closed,2026-04-26,LOC-PLANT-001,157750,USD,2026-04-27,2026-05-04
7e78000c-cf9a-4528-8c8e-32c37729d0de,SUP-0009,Closed,2026-07-22,LOC-PLANT-001,57000,USD,2026-07-24,2026-08-05
14e18dba-4736-470d-96dc-855aab49029f,SUP-0006,Closed,2026-04-21,LOC-PLANT-002,73750,USD,2026-04-23,2026-05-03
a76b07dd-4b04-405c-b953-a4ec89059ec0,SUP-0002,Closed,2026-04-16,LOC-PLANT-002,22750,USD,2026-04-17,2026-04-23
f11ee98a-3546-401d-8927-6d6528d3e3a4,SUP-0004,Closed,2026-08-14,LOC-PLANT-001,154500,USD,2026-08-15,2026-08-19
bc59e487-f26f-4fa3-a8bb-f94f254312cb,SUP-0003,Closed,2026-04-14,LOC-PLANT-001,53250,USD,2026-04-16,2026-04-20
749c8529-2b2f-4930-9680-3bb8d7739b8b,SUP-0010,Closed,2026-06-01,LOC-PLANT-002,56500,USD,2026-06-03,2026-06-11
93784050-74b9-408d-83a9-bc9c3e2f6462,SUP-0007,Closed,2026-03-24,LOC-PLANT-001,79000,USD,2026-03-26,2026-04-01
d20a5406-17fe-4d51-85d3-d45f272e9a85,SUP-0006,Closed,2026-08-01,LOC-PLANT-002,94000,USD,2026-08-03,2026-08-08
b90739c8-a476-4181-a6d4-3b4a97bd5c2e,SUP-0001,Closed,2026-06-22,LOC-PLANT-002,113250,USD,2026-06-23,2026-06-30
c45f5a94-ffe9-4444-9189-d52cd544ed8b,SUP-0007,Closed,2026-04-20,LOC-PLANT-001,74500,USD,2026-04-22,2026-04-28
734f5a64-5e49-4f73-bba3-eb92e3852be4,SUP-0008,Closed,2026-04-26,LOC-PLANT-001,26250,USD,2026-04-27,2026-05-09
9b5b7afe-ac2f-4751-93d9-9dc8b8bb55d1,SUP-0006,Closed,2026-04-26,LOC-PLANT-001,108000,USD,2026-04-27,2026-05-04
f0dbc4c3-433b-4571-b91e-7b316334d8df,SUP-0002,Closed,2026-07-16,LOC-PLANT-002,122000,USD,2026-07-17,2026-07-25
a29705f7-2204-4175-997d-86019796b5cc,SUP-0010,Closed,2026-06-13,LOC-PLANT-002,181000,USD,2026-06-15,2026-06-24
04a05dc8-a025-40ee-8007-24fcaffc4b60,SUP-0004,Closed,2026-03-22,LOC-PLANT-001,108500,USD,2026-03-23,2026-03-27
3ffb7deb-f52f-4d1a-b2c8-3b08792dd5f9,SUP-0002,Closed,2026-08-13,LOC-PLANT-002,74000,USD,2026-08-14,2026-08-22
9224cf12-d16f-43e7-95e7-bb06a5a79d2e,SUP-0007,Closed,2026-06-03,LOC-PLANT-002,74500,USD,2026-06-05,2026-06-15
758ab7da-d064-436b-944d-de7eab44bb38,SUP-0003,Closed,2026-05-08,LOC-PLANT-002,90000,USD,2026-05-10,2026-05-20
af95774f-e873-4f80-be6f-b81e1470d82b,SUP-0003,Closed,2026-06-25,LOC-PLANT-002,38250,USD,2026-06-27,2026-07-07
fdc13095-1f83-4d8d-bd28-c525d10d2b3e,SUP-0008,Closed,2026-07-20,LOC-PLANT-001,78000,USD,2026-07-22,2026-08-02
70bfe5ed-ef65-4a58-89f8-0e1ca35a52fb,SUP-0002,Closed,2026-05-03,LOC-PLANT-002,63000,USD,2026-05-05,2026-05-15
11223e1d-c3e2-4c0e-9ef2-4c188b0eb9a8,SUP-0003,Closed,2026-07-27,LOC-PLANT-001,149000,USD,2026-07-29,2026-08-03
c9c85c36-1d18-454b-9475-e61b2876eec3,SUP-0004,Closed,2026-07-02,LOC-PLANT-002,21000,USD,2026-07-03,2026-07-14
a1ce8929-321d-4c29-b2f9-fd0574ee2484,SUP-0009,Closed,2026-08-07,LOC-PLANT-001,91500,USD,2026-08-08,2026-08-18
28c4355e-671a-4b8d-8480-6975e4e1c025,SUP-0010,Closed,2026-08-20,LOC-PLANT-002,69000,USD,2026-08-22,2026-08-31
ca1dd3c4-1e80-41bb-a3ba-db93f87f1c89,SUP-0002,Closed,2026-08-26,LOC-PLANT-001,54000,USD,2026-08-28,2026-09-01
148777ec-3eea-42fb-b8a6-73c11c08b6d7,SUP-0002,Closed,2026-05-30,LOC-PLANT-001,131500,USD,2026-05-31,2026-06-05
78532ee9-d9ee-4774-a967-c424a349e3e8,SUP-0005,Closed,2026-07-16,LOC-PLANT-001,45250,USD,2026-07-18,2026-07-23
967c4dd7-95e0-428e-841f-36ddebc59587,SUP-0003,Closed,2026-07-14,LOC-PLANT-001,29750,USD,2026-07-16,2026-07-20
82737366-580f-4bac-a992-dbfb9a6907cd,SUP-0008,Closed,2026-06-19,LOC-PLANT-001,32000,USD,2026-06-21,2026-06-28
bed04379-39b3-41e1-a90e-bdc85d9419d0,SUP-0004,Closed,2026-07-26,LOC-PLANT-001,15000,USD,2026-07-28,2026-08-05
6d148f27-b25c-4567-835d-ee0c5fa136d0,SUP-0005,Closed,2026-06-26,LOC-PLANT-002,104500,USD,2026-06-27,2026-07-08
6b1bc26e-4208-46af-9285-5492c764d89e,SUP-0001,Closed,2026-06-11,LOC-PLANT-002,131500,USD,2026-06-12,2026-06-22
a530e41c-5eef-4ade-8d68-5c288d709606,SUP-0004,Closed,2026-05-17,LOC-PLANT-002,30000,USD,2026-05-19,2026-05-25
0c31d492-78c4-4e14-9bd4-1ee0563b3047,SUP-0005,Closed,2026-08-11,LOC-PLANT-001,61500,USD,2026-08-13,2026-08-21
1422d76e-998b-4055-bec7-ed6d8ccba4d5,SUP-0008,Closed,2026-07-30,LOC-PLANT-001,31500,USD,2026-07-31,2026-08-10
5bb82f54-add9-4243-a229-d1a0418f7950,SUP-0001,Closed,2026-08-09,LOC-PLANT-001,91000,USD,2026-08-10,2026-08-15
896e54b2-6f73-4e90-a760-28291c5c7317,SUP-0010,Closed,2026-08-25,LOC-PLANT-002,192500,USD,2026-08-27,2026-09-05
5fa109fd-c740-4257-9810-9ac51144d22b,SUP-0007,Closed,2026-04-30,LOC-PLANT-002,54000,USD,2026-05-02,2026-05-10
f4a51a67-1ef9-4834-a9d7-e38bef7f3ac8,SUP-0006,Closed,2026-07-13,LOC-PLANT-001,51250,USD,2026-07-15,2026-07-21
69f7a0bb-9b94-4a34-8755-fede94a1902c,SUP-0002,Closed,2026-08-14,LOC-PLANT-002,60750,USD,2026-08-16,2026-08-25
d700d731-9f7f-4c5f-9e51-3fc7bb56454c,SUP-0002,Closed,2026-06-26,LOC-PLANT-001,74750,USD,2026-06-27,2026-06-29
a78340cd-07df-43db-a033-29dc2222d9d5,SUP-0009,Closed,2026-07-08,LOC-PLANT-002,9000,USD,2026-07-10,2026-07-23
cdb8bbb8-c196-40ee-92b3-f25e4081df52,SUP-0001,Closed,2026-07-20,LOC-PLANT-001,145000,USD,2026-07-22,2026-07-28
c564a68d-650a-450a-9950-104da56ae44c,SUP-0001,Closed,2026-03-16,LOC-PLANT-002,68500,USD,2026-03-18,2026-03-24
dd08dd78-a781-4789-bcdb-79e5431697b7,SUP-0001,Closed,2026-07-16,LOC-PLANT-002,75000,USD,2026-07-18,2026-07-25
6cf59417-3cde-4114-b59e-62c2f165ac1f,SUP-0010,Closed,2026-04-02,LOC-PLANT-002,10000,USD,2026-04-03,2026-04-09
e8f098ea-b129-4d4b-a225-2e0f563d4ebc,SUP-0004,Closed,2026-07-16,LOC-PLANT-001,184000,USD,2026-07-18,2026-07-24
8d44d4b1-07f1-4da0-8357-734024b0c349,SUP-0005,Closed,2026-08-21,LOC-PLANT-002,181250,USD,2026-08-22,2026-08-29
2bb784c1-f0f3-429c-aaa6-0ce2477738a3,SUP-0003,Closed,2026-03-17,LOC-PLANT-001,19500,USD,2026-03-19,2026-03-27
3d7141e4-c168-4fb9-a62d-230cc9fca2b6,SUP-0009,Closed,2026-06-30,LOC-PLANT-002,265500,USD,2026-07-01,2026-07-12
cf9c6054-0717-4eeb-ae0c-4b1e64ca2501,SUP-0003,Closed,2026-03-21,LOC-PLANT-001,203500,USD,2026-03-22,2026-03-26
1e774a9d-c2b8-4d6a-88af-c0804f7c86e6,SUP-0005,Closed,2026-06-15,LOC-PLANT-001,135500,USD,2026-06-17,2026-06-24
bb82e905-b993-45ab-a44c-bb9cb16dc6b7,SUP-0001,Closed,2026-08-06,LOC-PLANT-001,123750,USD,2026-08-08,2026-08-12
b163fd5b-9e0a-48e9-b6ff-ba890087b46c,SUP-0007,Closed,2026-05-16,LOC-PLANT-001,70500,USD,2026-05-18,2026-05-26
7d34ee50-84a0-4561-90a6-ff2d123dbfa9,SUP-0008,Closed,2026-05-27,LOC-PLANT-001,61500,USD,2026-05-29,2026-06-05
4ac895de-4d5e-46cc-82e7-9e9e91d93103,SUP-0001,Closed,2026-07-28,LOC-PLANT-001,206000,USD,2026-07-29,2026-08-06
f77905d6-4de9-46da-a2f9-47d3a51d2c51,SUP-0009,Closed,2026-04-17,LOC-PLANT-002,96500,USD,2026-04-18,2026-05-02
10567382-f36d-47fc-9a92-0665fee180e9,SUP-0007,Closed,2026-07-10,LOC-PLANT-002,78750,USD,2026-07-11,2026-07-23
5e8aed04-6e42-48ae-a4c9-c76675d424a2,SUP-0001,Closed,2026-06-23,LOC-PLANT-001,87750,USD,2026-06-24,2026-06-30
255be7d8-10cc-4a6b-b12f-5a7328c7ed91,SUP-0001,Closed,2026-04-11,LOC-PLANT-001,51500,USD,2026-04-12,2026-04-16
3e53bddc-c007-4220-abee-c33bae75641e,SUP-0005,Closed,2026-06-20,LOC-PLANT-002,118500,USD,2026-06-21,2026-07-02
cc0104e1-5a36-4bf0-96e4-c651297f7f9b,SUP-0001,Closed,2026-07-28,LOC-PLANT-001,48500,USD,2026-07-29,2026-08-03
f82a69f8-e8ba-4d34-8e27-39f3738b3067,SUP-0002,Closed,2026-08-05,LOC-PLANT-002,50000,USD,2026-08-07,2026-08-13
7bf66536-a34a-497e-ba7f-0a042490a861,SUP-0004,Closed,2026-06-10,LOC-PLANT-002,132500,USD,2026-06-11,2026-06-21
0a2967d4-aed5-4a71-95f0-8a1b8521c3a2,SUP-0003,Closed,2026-06-09,LOC-PLANT-002,133500,USD,2026-06-11,2026-06-21
eec0e05f-635c-461c-bbdd-56f978ef3397,SUP-0005,Closed,2026-07-02,LOC-PLANT-001,38250,USD,2026-07-03,2026-07-08
cdb9b11d-8c4a-4c0f-852f-ce69a0f40fe9,SUP-0008,Closed,2026-05-12,LOC-PLANT-001,40500,USD,2026-05-13,2026-05-20
89538d84-0600-4d25-b61c-c8392993603c,SUP-0002,Closed,2026-04-04,LOC-PLANT-001,49500,USD,2026-04-05,2026-04-07
f3d1e174-d5b0-472a-9b7b-193b9dc6cbe9,SUP-0009,Closed,2026-08-18,LOC-PLANT-002,40500,USD,2026-08-19,2026-08-29
339ffe80-12cb-488e-837f-597cb41c8a4e,SUP-0001,Closed,2026-04-25,LOC-PLANT-002,82000,USD,2026-04-27,2026-05-07
f0622c59-554a-4956-b818-db31a36bc1dc,SUP-0008,Closed,2026-07-15,LOC-PLANT-002,41000,USD,2026-07-16,2026-07-27
db43bc3b-1bdf-48cc-b9ad-5c24cdfc261a,SUP-0010,Closed,2026-05-01,LOC-PLANT-002,69000,USD,2026-05-02,2026-05-07
f51dd23d-fc97-45a1-ac63-5a1c2a156e86,SUP-0005,Closed,2026-05-30,LOC-PLANT-002,250000,USD,2026-05-31,2026-06-10
1123e424-8487-48b1-9504-0b300b7ef3f7,SUP-0002,Closed,2026-08-28,LOC-PLANT-001,161000,USD,2026-08-29,2026-09-01
878b88ef-e84f-4638-b870-2dd9b1a124b2,SUP-0006,Closed,2026-06-22,LOC-PLANT-001,84000,USD,2026-06-23,2026-06-29
c94e315a-dd77-4999-bbe3-b678f8462cd5,SUP-0008,Closed,2026-05-24,LOC-PLANT-001,161000,USD,2026-05-26,2026-06-06
fb9ba622-f056-4af3-928d-21cda0d8dd79,SUP-0004,Closed,2026-03-05,LOC-PLANT-002,121000,USD,2026-03-06,2026-03-15
b0b84026-7cf1-4566-863e-8eef364ebdd8,SUP-0006,Closed,2026-06-24,LOC-PLANT-001,98500,USD,2026-06-25,2026-07-03
781f1d47-1359-421c-9635-58387a1adf6b,SUP-0004,Closed,2026-06-05,LOC-PLANT-002,217000,USD,2026-06-07,2026-06-17
65f153b8-4813-4e8f-89ac-867384601556,SUP-0007,Closed,2026-08-07,LOC-PLANT-001,48000,USD,2026-08-09,2026-08-19
2d9c66e8-43ee-495e-b1c0-7abc9c125e1f,SUP-0004,Closed,2026-07-26,LOC-PLANT-002,118000,USD,2026-07-27,2026-08-06
fb1acb97-4367-456e-8e01-ffe15d911d8e,SUP-0008,Closed,2026-05-07,LOC-PLANT-001,123000,USD,2026-05-09,2026-05-16
4f22faca-6ea6-4f73-8d3b-138e9f27a29a,SUP-0007,Closed,2026-07-11,LOC-PLANT-001,80000,USD,2026-07-13,2026-07-22
1bbd0109-895d-4ffc-a339-be05f8eb6f91,SUP-0008,Closed,2026-03-16,LOC-PLANT-001,69000,USD,2026-03-17,2026-03-24
b88e5026-6ad8-495c-9aef-12792df6c3a4,SUP-0002,Closed,2026-03-19,LOC-PLANT-002,134000,USD,2026-03-21,2026-03-27
02c2d7c7-e8ce-4ee2-947f-92e17d196847,SUP-0002,Closed,2026-05-02,LOC-PLANT-002,13000,USD,2026-05-03,2026-05-10
fffb9934-95dc-4aba-ba9e-60ebf5b6c8c4,SUP-0004,Closed,2026-04-29,LOC-PLANT-001,100500,USD,2026-04-30,2026-05-04
9d8a16a2-f7f7-4e26-8f86-2fe57cc5d118,SUP-0009,Closed,2026-08-11,LOC-PLANT-001,46500,USD,2026-08-13,2026-08-24
3f07b4c2-aadc-4ad1-b8fe-d22b4cf7e859,SUP-0007,Closed,2026-05-23,LOC-PLANT-002,164000,USD,2026-05-24,2026-06-05
594106d0-44ae-4c50-818d-dd825c0b9fe7,SUP-0008,Closed,2026-07-19,LOC-PLANT-001,177000,USD,2026-07-20,2026-07-26
0733e7e1-511c-4fd9-87ee-a2bb1ea9c789,SUP-0003,Closed,2026-03-21,LOC-PLANT-001,110250,USD,2026-03-23,2026-03-28
658ca3df-de8b-4834-a273-6ed3a01a9131,SUP-0007,Closed,2026-04-16,LOC-PLANT-001,80500,USD,2026-04-17,2026-04-29
aff9b0e1-d542-4437-97ae-de3652316bd2,SUP-0004,Closed,2026-03-08,LOC-PLANT-002,168250,USD,2026-03-10,2026-03-20
fb9e3f0e-c29f-49f8-bd57-c7df803da499,SUP-0006,Closed,2026-07-11,LOC-PLANT-001,121500,USD,2026-07-13,2026-07-21
cb22ad7d-5711-44a8-a52b-78483b345e6b,SUP-0003,Closed,2026-08-16,LOC-PLANT-002,123000,USD,2026-08-17,2026-08-25
3ee44b6f-d0a4-4497-bcbc-0bde907e0b0b,SUP-0008,Closed,2026-03-05,LOC-PLANT-002,103000,USD,2026-03-06,2026-03-15
4a3941f8-36a8-400d-9d7f-f1313a1459b6,SUP-0001,Closed,2026-04-11,LOC-PLANT-002,118250,USD,2026-04-12,2026-04-21
005db58e-3e1a-47f2-bee9-dd3e14067f6f,SUP-0007,Closed,2026-04-05,LOC-PLANT-001,103500,USD,2026-04-07,2026-04-18
525e483a-9f23-4b3a-9945-3e66bcd20a1e,SUP-0002,Closed,2026-05-26,LOC-PLANT-002,65250,USD,2026-05-27,2026-06-02
2b346e2b-cb64-4527-a447-48f1414d2d23,SUP-0001,Closed,2026-08-23,LOC-PLANT-001,136000,USD,2026-08-24,2026-08-30
c6c1344f-f527-4075-ad56-2f54ea2e938b,SUP-0007,Closed,2026-08-10,LOC-PLANT-001,7500,USD,2026-08-11,2026-08-20
058b4d9d-8e75-4ca0-9666-78b8f5a4b367,SUP-0007,Closed,2026-05-31,LOC-PLANT-001,107000,USD,2026-06-01,2026-06-12
2d65290f-0410-4bb6-ba86-72b5d7d47eb0,SUP-0005,Closed,2026-04-13,LOC-PLANT-001,85500,USD,2026-04-14,2026-04-20
87a1e5a4-0ec7-49cf-9dd1-046247c9e708,SUP-0007,Closed,2026-03-04,LOC-PLANT-001,58000,USD,2026-03-05,2026-03-11
e5779ba5-8867-448a-8bd2-dd285d1c9f39,SUP-0006,Closed,2026-07-26,LOC-PLANT-002,4500,USD,2026-07-27,2026-08-04
c0b042b3-989d-4176-803b-f908608c2633,SUP-0001,Closed,2026-04-25,LOC-PLANT-001,125500,USD,2026-04-27,2026-05-01
df62bca9-0b1f-4c05-b773-f3884869538d,SUP-0008,Closed,2026-07-24,LOC-PLANT-002,9000,USD,2026-07-26,2026-08-08
a409ebb3-4dd9-4dae-94e1-6c6ae77c1ffb,SUP-0004,Closed,2026-07-28,LOC-PLANT-001,80250,USD,2026-07-29,2026-08-07
0e1b9051-389b-4c95-811a-78344e2e9650,SUP-0005,Closed,2026-04-11,LOC-PLANT-002,163500,USD,2026-04-13,2026-04-21
c8d7f6c6-1517-493b-acf1-ed37184e137d,SUP-0010,Closed,2026-03-19,LOC-PLANT-002,98000,USD,2026-03-20,2026-03-26
8eb8f93c-eca4-4b71-8c25-9dcbced3d14a,SUP-0010,Closed,2026-05-06,LOC-PLANT-001,6000,USD,2026-05-08,2026-05-11
9edc966f-23eb-498c-9375-6cc359dc14be,SUP-0003,Closed,2026-06-25,LOC-PLANT-001,128000,USD,2026-06-26,2026-07-05
da0ca833-5b50-4739-abbf-758fa879988a,SUP-0007,Closed,2026-08-06,LOC-PLANT-001,72000,USD,2026-08-07,2026-08-17
10913fb1-c5c5-4dc8-8858-bfd41045f4b7,SUP-0001,Closed,2026-07-22,LOC-PLANT-001,79000,USD,2026-07-23,2026-07-29
80be4d67-b078-44df-9bc5-bf4debdff421,SUP-0001,Closed,2026-07-18,LOC-PLANT-001,8750,USD,2026-07-19,2026-07-27
8fb51b42-3e85-4952-ba27-70641d596581,SUP-0005,Closed,2026-08-01,LOC-PLANT-001,71750,USD,2026-08-02,2026-08-11
c7be2e01-ff76-4121-adc3-676227203e93,SUP-0002,Closed,2026-08-22,LOC-PLANT-002,108250,USD,2026-08-23,2026-08-29
a4d4dfea-8985-42c0-9026-3f2f0c1e766c,SUP-0006,Closed,2026-07-10,LOC-PLANT-002,54000,USD,2026-07-11,2026-07-18
b032f7cf-fed6-4bf2-bfca-639cb26006ea,SUP-0010,Closed,2026-03-08,LOC-PLANT-001,52250,USD,2026-03-10,2026-03-12
8cdfe485-5b55-4909-8e9a-8123c67f4726,SUP-0006,Closed,2026-08-12,LOC-PLANT-002,77500,USD,2026-08-13,2026-08-19
bb1b5273-6541-4c9a-a3e6-ee18512da0cb,SUP-0007,Closed,2026-05-09,LOC-PLANT-002,45000,USD,2026-05-10,2026-05-20
bce48931-37b8-4f36-81f7-b9d0e76b98c8,SUP-0003,Closed,2026-04-22,LOC-PLANT-002,37500,USD,2026-04-24,2026-05-01
dc608281-e0c7-41b5-8808-11e0db1703ea,SUP-0009,Closed,2026-04-09,LOC-PLANT-001,36000,USD,2026-04-11,2026-04-22
38850b9c-b003-4d0d-959a-69ca5ec08855,SUP-0001,Closed,2026-03-31,LOC-PLANT-001,34000,USD,2026-04-01,2026-04-05
03182a27-7263-4f80-8412-56f313f23e70,SUP-0008,Closed,2026-03-27,LOC-PLANT-002,58000,USD,2026-03-28,2026-04-07
54d6d277-c514-4ddf-acd8-8eacfca77c04,SUP-0002,Closed,2026-07-05,LOC-PLANT-002,162750,USD,2026-07-06,2026-07-15
b2344468-de45-4b5d-a8da-013fc718ed2c,SUP-0008,Closed,2026-05-28,LOC-PLANT-002,130500,USD,2026-05-29,2026-06-10
7947baf3-c49a-48f7-976a-54a087e41af7,SUP-0008,Closed,2026-05-02,LOC-PLANT-001,65500,USD,2026-05-04,2026-05-13
e697e7de-f6af-4672-a02a-f969cf784913,SUP-0001,Closed,2026-05-21,LOC-PLANT-001,26250,USD,2026-05-22,2026-05-26
6fcf8fcf-933d-48b1-be9a-88eea47a75da,SUP-0001,Closed,2026-05-06,LOC-PLANT-001,134500,USD,2026-05-07,2026-05-15
f27da9ff-2baa-477a-8d24-a971085490c0,SUP-0004,Closed,2026-07-02,LOC-PLANT-002,50250,USD,2026-07-04,2026-07-17
4c2f1234-2708-4046-a409-2b7b77ad0fc5,SUP-0007,Closed,2026-06-21,LOC-PLANT-002,88000,USD,2026-06-23,2026-07-02
4503ed7b-7c65-49cf-b853-2bbf65589157,SUP-0008,Closed,2026-06-01,LOC-PLANT-002,128000,USD,2026-06-02,2026-06-13
f16691b8-8593-4ac8-baf3-a4b784f999d5,SUP-0007,Closed,2026-05-08,LOC-PLANT-001,127750,USD,2026-05-10,2026-05-23
3a893716-9e4c-4acc-aa0d-52a1beecff85,SUP-0001,Closed,2026-05-29,LOC-PLANT-002,16500,USD,2026-05-30,2026-06-05
8fb78771-cbca-4a45-9d68-63df339be0cb,SUP-0004,Closed,2026-03-26,LOC-PLANT-001,46500,USD,2026-03-28,2026-04-01
911e2c59-59df-496b-8e63-892058b779b5,SUP-0002,Closed,2026-04-27,LOC-PLANT-002,47250,USD,2026-04-29,2026-05-05
8cdc88bf-f85d-4f52-94d7-c65e4a1fe481,SUP-0009,Closed,2026-05-01,LOC-PLANT-002,149250,USD,2026-05-03,2026-05-11
b442e344-da67-4c6c-8004-f9b2b343cabb,SUP-0007,Closed,2026-05-28,LOC-PLANT-001,87750,USD,2026-05-29,2026-06-08
eb6c79dc-ec0a-4470-8c57-72296a39228e,SUP-0001,Closed,2026-03-04,LOC-PLANT-001,132750,USD,2026-03-06,2026-03-11
975a0be2-f07e-4951-874e-005a4aa2d972,SUP-0008,Closed,2026-08-05,LOC-PLANT-002,168250,USD,2026-08-07,2026-08-15
eaa46e40-e592-47fa-b04c-31e46c118c61,SUP-0004,Closed,2026-08-21,LOC-PLANT-001,77000,USD,2026-08-23,2026-08-29
7791578f-401f-4490-aeee-7c37b4e95c85,SUP-0004,Closed,2026-04-24,LOC-PLANT-002,57000,USD,2026-04-26,2026-05-03
52820488-b7eb-4718-827e-257a15509149,SUP-0006,Closed,2026-08-02,LOC-PLANT-001,122750,USD,2026-08-04,2026-08-12
244eb782-b34f-4476-baf6-e34d640f11f7,SUP-0007,Closed,2026-04-06,LOC-PLANT-002,51000,USD,2026-04-08,2026-04-20
d37e0797-4008-4886-80e9-dada215c4c0f,SUP-0001,Closed,2026-05-04,LOC-PLANT-002,131500,USD,2026-05-06,2026-05-13
df3c8403-4220-4f60-86c6-d0dd11a99562,SUP-0002,Closed,2026-03-12,LOC-PLANT-001,73500,USD,2026-03-13,2026-03-16
18bd4f18-b222-4b6c-9750-f485a6bc8263,SUP-0010,Closed,2026-07-15,LOC-PLANT-002,142750,USD,2026-07-16,2026-07-22
3a7f44dd-4ff1-43a3-ac9a-1197d34af705,SUP-0006,Closed,2026-04-19,LOC-PLANT-001,70000,USD,2026-04-20,2026-05-01
957fe570-a9e3-4eb5-b569-492de4540eb4,SUP-0006,Closed,2026-07-09,LOC-PLANT-002,39000,USD,2026-07-11,2026-07-16
eab09e46-7631-4e57-87d6-f866636f2488,SUP-0001,Closed,2026-08-31,LOC-PLANT-001,50000,USD,2026-09-01,2026-09-10
b92240d4-33cd-4be2-9bbe-953eab25e3e4,SUP-0005,Closed,2026-04-08,LOC-PLANT-001,65000,USD,2026-04-09,2026-04-17
9c942746-ccc1-443d-ab8c-d9d1008c290b,SUP-0007,Closed,2026-07-15,LOC-PLANT-002,29250,USD,2026-07-17,2026-07-26
3f9a8c6d-d2a1-4fb0-92f2-0a47a821fe0f,SUP-0009,Closed,2026-05-23,LOC-PLANT-001,75000,USD,2026-05-25,2026-06-03
abe2156e-9e0e-45be-892c-709c52fdd28c,SUP-0004,Closed,2026-08-05,LOC-PLANT-002,13500,USD,2026-08-06,2026-08-19
e5674d1a-3f60-412b-8fc9-bcca117d29ec,SUP-0009,Closed,2026-05-09,LOC-PLANT-002,158000,USD,2026-05-10,2026-05-22
e57140c0-0e84-4001-8088-211f98d452d0,SUP-0010,Closed,2026-04-10,LOC-PLANT-001,16000,USD,2026-04-11,2026-04-16
4754b9ed-8cfb-47f3-a971-4c80b36705ac,SUP-0010,Closed,2026-04-24,LOC-PLANT-002,101000,USD,2026-04-26,2026-05-02
c275c47f-3b7e-4e2e-8b57-bc6594a52200,SUP-0002,Closed,2026-07-22,LOC-PLANT-001,56000,USD,2026-07-23,2026-07-24
a785d149-3557-4485-a2f8-9420bd764a18,SUP-0002,Closed,2026-07-16,LOC-PLANT-002,157250,USD,2026-07-17,2026-07-25
1360c47c-1fcf-43fd-bd45-c93cbeb8b896,SUP-0004,Closed,2026-03-04,LOC-PLANT-001,263250,USD,2026-03-06,2026-03-12
1f757646-93b9-4c4c-8895-4243047d27a1,SUP-0003,Closed,2026-05-20,LOC-PLANT-002,16500,USD,2026-05-22,2026-05-28
015d9dce-f48b-472a-b121-ca02ece23906,SUP-0009,Closed,2026-06-27,LOC-PLANT-001,147750,USD,2026-06-29,2026-07-09
07a03707-f8b9-4009-b5b7-2c282e893257,SUP-0008,Closed,2026-05-03,LOC-PLANT-002,25000,USD,2026-05-04,2026-05-13
67e8f1fe-df3c-4d6b-b2d4-158558cfec51,SUP-0002,Closed,2026-05-22,LOC-PLANT-002,48000,USD,2026-05-23,2026-05-29
20f86888-9322-4429-8d76-b9b60564ad39,SUP-0005,Closed,2026-03-31,LOC-PLANT-002,32000,USD,2026-04-02,2026-04-10
e8350590-3cf2-41db-bd93-4a3f9cd55af4,SUP-0005,Closed,2026-03-06,LOC-PLANT-001,27750,USD,2026-03-08,2026-03-14
f4c6c32d-1512-4ff3-83f9-8eeb605ebb0c,SUP-0004,Closed,2026-04-01,LOC-PLANT-001,63000,USD,2026-04-02,2026-04-07
24aeb3ba-f917-448a-b09b-543ae7d4aaf1,SUP-0010,Closed,2026-03-07,LOC-PLANT-001,36750,USD,2026-03-09,2026-03-12
cba1e35a-658e-4f42-a3a2-2b28ed4cca67,SUP-0003,Closed,2026-07-21,LOC-PLANT-001,51000,USD,2026-07-23,2026-07-27
f18b5b5b-e903-4dd4-bd71-95e21d9c01cf,SUP-0009,Closed,2026-03-10,LOC-PLANT-002,25500,USD,2026-03-12,2026-03-23
1097e024-8493-4677-99d5-afd054ce8982,SUP-0004,Closed,2026-05-01,LOC-PLANT-001,53500,USD,2026-05-03,2026-05-09
6aeb0451-ecb0-477d-b142-387e6f6b1f02,SUP-0001,Closed,2026-07-08,LOC-PLANT-001,160500,USD,2026-07-10,2026-07-13
88bae844-e918-4803-abeb-5fbbd07c1f47,SUP-0006,Closed,2026-04-09,LOC-PLANT-001,140500,USD,2026-04-11,2026-04-17
43ad557e-2353-4226-a51e-67dba2d6133a,SUP-0001,Closed,2026-04-15,LOC-PLANT-001,70500,USD,2026-04-16,2026-04-24
bf1f2373-4579-49a6-8238-a8b2b4ba453a,SUP-0007,Closed,2026-08-14,LOC-PLANT-002,34250,USD,2026-08-16,2026-08-31
063e89cd-a202-411f-bc31-2fba29706337,SUP-0010,Closed,2026-04-04,LOC-PLANT-001,51000,USD,2026-04-06,2026-04-11
2b5aa27a-4d94-44fa-8cb4-e56290649882,SUP-0009,Closed,2026-07-09,LOC-PLANT-002,146250,USD,2026-07-10,2026-07-20
d82e093d-d81c-4219-9089-069943ecaaab,SUP-0004,Closed,2026-08-29,LOC-PLANT-002,154000,USD,2026-08-30,2026-09-05
c44cf10a-c592-4528-97f2-4998da80d32b,SUP-0007,Closed,2026-06-02,LOC-PLANT-002,87000,USD,2026-06-04,2026-06-17
bf0d0eea-2728-4a1b-a2bd-34cd42d02ed6,SUP-0002,Closed,2026-08-01,LOC-PLANT-001,36000,USD,2026-08-03,2026-08-06
79052b9b-adcc-4982-ad55-27ed7fcaea11,SUP-0007,Closed,2026-08-28,LOC-PLANT-001,182500,USD,2026-08-30,2026-09-05
9b233c76-1a37-4678-831d-ecb70a3c5884,SUP-0009,Closed,2026-07-01,LOC-PLANT-002,36000,USD,2026-07-03,2026-07-12
524bc7a9-477e-4648-a932-b2265efb0e7e,SUP-0006,Closed,2026-08-23,LOC-PLANT-002,93000,USD,2026-08-24,2026-09-01
cc47e02f-96cd-424d-baa8-67db42c09458,SUP-0001,Closed,2026-08-10,LOC-PLANT-002,36000,USD,2026-08-12,2026-08-23
b7e68a8b-0065-420e-b15e-5dd7a426a8c4,SUP-0001,Closed,2026-05-16,LOC-PLANT-002,99500,USD,2026-05-18,2026-05-27
904133ad-f4a0-44fe-82bb-4913f70ccf21,SUP-0006,Closed,2026-07-28,LOC-PLANT-002,98000,USD,2026-07-29,2026-08-07
22f081eb-d72b-4fb0-84dc-9e9848bfdc96,SUP-0003,Closed,2026-07-03,LOC-PLANT-002,91000,USD,2026-07-05,2026-07-13
92d70d2a-142b-4e63-9267-a2db1bff349e,SUP-0010,Closed,2026-08-01,LOC-PLANT-002,78000,USD,2026-08-02,2026-08-07
ca386d18-7c09-4975-8076-a2b2e9a1b0b7,SUP-0004,Closed,2026-03-06,LOC-PLANT-002,154750,USD,2026-03-07,2026-03-17
1edca6e8-7a5c-4c10-b10f-538d2f658e2c,SUP-0005,Closed,2026-03-10,LOC-PLANT-001,124000,USD,2026-03-11,2026-03-17
5baf40bc-9712-4f69-8d96-76f52068babc,SUP-0003,Closed,2026-03-14,LOC-PLANT-001,151250,USD,2026-03-15,2026-03-19
3dae1317-945f-40a0-a5de-9374aad563dd,SUP-0005,Closed,2026-03-27,LOC-PLANT-001,120500,USD,2026-03-28,2026-04-04
fe60aafe-dbec-40cd-8ddf-7c63282bf739,SUP-0001,Closed,2026-08-12,LOC-PLANT-001,60750,USD,2026-08-13,2026-08-17
a0b2bd26-cba1-4928-a81a-4d239f8c329a,SUP-0004,Closed,2026-04-26,LOC-PLANT-002,33000,USD,2026-04-28,2026-05-06
960a1791-5464-4cc5-8065-20ebddcb548d,SUP-0004,Closed,2026-04-13,LOC-PLANT-001,132000,USD,2026-04-15,2026-04-21
8b018169-fa05-4a3a-941e-5a2c130b191f,SUP-0001,Closed,2026-06-05,LOC-PLANT-002,78000,USD,2026-06-06,2026-06-11
0efd87d2-7754-4cd3-a285-e5028760381e,SUP-0004,Closed,2026-06-03,LOC-PLANT-001,94500,USD,2026-06-04,2026-06-11
de98e4d3-9e07-4656-a90d-8035fa2d54f1,SUP-0007,Closed,2026-07-16,LOC-PLANT-001,76500,USD,2026-07-17,2026-07-26
d98c87c7-fc39-4886-8d17-3bbe7efc55eb,SUP-0003,Closed,2026-07-23,LOC-PLANT-002,54000,USD,2026-07-25,2026-08-02
5ccaa53f-1bef-4420-b0cf-07767a83a073,SUP-0004,Closed,2026-04-03,LOC-PLANT-001,133000,USD,2026-04-05,2026-04-09
5f560701-970a-4712-bfe5-b50332bc8243,SUP-0004,Closed,2026-08-26,LOC-PLANT-002,154000,USD,2026-08-27,2026-09-05
89f2ecc9-0e9a-4822-98eb-cd1a5ac4a93b,SUP-0008,Closed,2026-07-08,LOC-PLANT-001,176000,USD,2026-07-09,2026-07-20
89e68d28-4a73-4a2f-a80d-155baaf22d7c,SUP-0001,Closed,2026-06-28,LOC-PLANT-002,198000,USD,2026-06-30,2026-07-07
befb1488-7ab8-4484-bd48-ae664f28d031,SUP-0010,Closed,2026-08-23,LOC-PLANT-001,27000,USD,2026-08-24,2026-08-28
d1feedd5-f6f4-4ebe-9260-4992b74a9c18,SUP-0010,Closed,2026-05-28,LOC-PLANT-002,78750,USD,2026-05-29,2026-06-08
26abfc22-2a7f-4de9-9196-292469cb351b,SUP-0008,Closed,2026-06-29,LOC-PLANT-001,16000,USD,2026-07-01,2026-07-09
e6c28910-aa2c-417c-b027-32a4b525b41f,SUP-0006,Closed,2026-05-03,LOC-PLANT-002,161750,USD,2026-05-05,2026-05-14
29e634a3-6999-49ad-ade3-35187d299280,SUP-0004,Closed,2026-03-24,LOC-PLANT-001,67250,USD,2026-03-26,2026-03-30
f1ff05f1-ad9e-46b4-9fdb-7b5b88e31dee,SUP-0002,Closed,2026-07-08,LOC-PLANT-002,28500,USD,2026-07-09,2026-07-15
a95a55ce-1f7d-41f4-bb0b-a9054ae7fa6f,SUP-0002,Closed,2026-06-23,LOC-PLANT-002,138750,USD,2026-06-25,2026-07-01
07b9ff7b-c3a9-4344-9b8f-1097a2bcb06c,SUP-0001,Closed,2026-04-05,LOC-PLANT-002,22750,USD,2026-04-06,2026-04-13
06059229-8470-4e9a-903e-9c50303f0a60,SUP-0001,Closed,2026-07-12,LOC-PLANT-002,72000,USD,2026-07-13,2026-07-21
64a8c275-44e1-4b63-aa5f-96b58283d882,SUP-0005,Closed,2026-06-29,LOC-PLANT-001,7500,USD,2026-06-30,2026-07-07
343c3a76-556c-4702-897b-59f876dfe020,SUP-0001,Closed,2026-08-02,LOC-PLANT-002,37000,USD,2026-08-03,2026-08-08
b8f139f0-c12f-46cb-a8d4-6ef222ba3e66,SUP-0006,Closed,2026-05-30,LOC-PLANT-002,105000,USD,2026-05-31,2026-06-06
b1006985-e4cb-46de-9747-cb24c8c95576,SUP-0008,Closed,2026-04-04,LOC-PLANT-002,57000,USD,2026-04-05,2026-04-16
6a522fa6-c529-40bb-baa7-ae1f6f5dda89,SUP-0004,Closed,2026-03-12,LOC-PLANT-001,63000,USD,2026-03-13,2026-03-21
49c588b3-11c5-476c-b685-fab383c81c00,SUP-0009,Closed,2026-06-07,LOC-PLANT-001,109500,USD,2026-06-09,2026-06-16
1d8f0da8-8500-4ccd-b6ce-b76a94d73338,SUP-0006,Closed,2026-07-19,LOC-PLANT-001,199500,USD,2026-07-20,2026-07-26
c5dd1c23-192d-4966-b741-078900c2bc98,SUP-0008,Closed,2026-08-23,LOC-PLANT-001,126750,USD,2026-08-25,2026-09-02
fff84d02-73d1-4f97-8eae-e3420264af49,SUP-0006,Closed,2026-05-21,LOC-PLANT-002,15000,USD,2026-05-23,2026-05-29
229b7e47-7202-4f54-a5bb-72fde96f13a6,SUP-0003,Closed,2026-07-13,LOC-PLANT-002,77250,USD,2026-07-14,2026-07-20
0f25ea64-7e6b-4516-94d6-90a573b4afb1,SUP-0002,Closed,2026-07-05,LOC-PLANT-002,85500,USD,2026-07-06,2026-07-13
3c347a6d-7729-43b9-a3d4-d17161d248ce,SUP-0005,Closed,2026-05-11,LOC-PLANT-001,120750,USD,2026-05-13,2026-05-17
3429d334-6359-4763-993c-2a1c9318edd4,SUP-0006,Closed,2026-05-12,LOC-PLANT-002,108250,USD,2026-05-13,2026-05-21
94362187-c138-410f-9d0b-cfcd0e062a12,SUP-0004,Closed,2026-06-24,LOC-PLANT-002,38500,USD,2026-06-26,2026-07-03
ea2878b3-9570-41cf-8f41-6f47d85f21ad,SUP-0002,Closed,2026-07-05,LOC-PLANT-001,132500,USD,2026-07-06,2026-07-08
76875215-f627-4ec9-aded-c6c1b5969d51,SUP-0004,Closed,2026-03-18,LOC-PLANT-002,52000,USD,2026-03-20,2026-03-31
3b273869-4e3a-4324-804d-8af3475fa937,SUP-0006,Closed,2026-04-28,LOC-PLANT-001,84500,USD,2026-04-29,2026-05-05
428d47c9-85e5-40fb-b86a-cfd74b3b9dad,SUP-0006,Closed,2026-06-22,LOC-PLANT-001,37500,USD,2026-06-23,2026-07-01
250daa0a-365a-4ec9-9d3c-2d2bda9365b6,SUP-0009,Closed,2026-03-28,LOC-PLANT-002,45000,USD,2026-03-29,2026-04-08
e502eb1d-bc95-4c22-9fa4-3d95ed6b2ce7,SUP-0001,Closed,2026-03-29,LOC-PLANT-001,64000,USD,2026-03-30,2026-04-03
848ee89c-bf61-484b-b4bd-7cb8c3ab5f89,SUP-0006,Closed,2026-05-09,LOC-PLANT-002,151500,USD,2026-05-10,2026-05-17
f6957fa3-ad43-450a-b827-cf2200f07c27,SUP-0008,Closed,2026-07-29,LOC-PLANT-001,42750,USD,2026-07-30,2026-08-07
bd55b0b0-1798-4264-9fa4-a000b8909cbc,SUP-0008,Closed,2026-07-15,LOC-PLANT-002,132000,USD,2026-07-16,2026-07-27
ec291aa4-b481-4024-99f2-ea3ecf86e7c0,SUP-0009,Closed,2026-07-01,LOC-PLANT-002,153750,USD,2026-07-03,2026-07-11
0275ea42-3611-4323-a8c9-233a2b0e0c5c,SUP-0005,Closed,2026-07-09,LOC-PLANT-001,117500,USD,2026-07-10,2026-07-14
c4ad2dbc-5fee-4561-b625-9decbbc3acb6,SUP-0009,Closed,2026-03-17,LOC-PLANT-001,64750,USD,2026-03-18,2026-03-25
cc3b9a11-deb0-4d06-a1f3-8928cf0840ae,SUP-0009,Closed,2026-04-10,LOC-PLANT-001,98750,USD,2026-04-11,2026-04-21
9fd393cd-d016-40ee-8897-76342d62c407,SUP-0004,Closed,2026-06-18,LOC-PLANT-001,123250,USD,2026-06-20,2026-06-28
7cca09f3-9a0e-4cf6-bd46-29ce797a42b0,SUP-0006,Closed,2026-08-07,LOC-PLANT-001,9000,USD,2026-08-09,2026-08-18
1d8d1348-c784-4f5a-afa1-affb3d62a383,SUP-0010,Closed,2026-08-27,LOC-PLANT-002,68000,USD,2026-08-29,2026-09-03
64e25137-7de3-46a9-8494-d9eabe8a3e8b,SUP-0007,Closed,2026-06-04,LOC-PLANT-001,34000,USD,2026-06-05,2026-06-12
b5a2d360-5331-41c7-b45a-2210e48f5aa7,SUP-0001,Closed,2026-05-03,LOC-PLANT-001,33750,USD,2026-05-05,2026-05-10
3551a6a7-a6c6-4d60-a9a8-3c38bdcf3541,SUP-0003,Closed,2026-08-30,LOC-PLANT-001,66250,USD,2026-08-31,2026-09-06
3264d9f5-3a0b-487c-a3c7-85c094618eb4,SUP-0007,Closed,2026-06-29,LOC-PLANT-001,11000,USD,2026-06-30,2026-07-08
34556e02-ddb9-4ed1-9952-2ff2d2720db2,SUP-0006,Closed,2026-04-30,LOC-PLANT-002,78000,USD,2026-05-01,2026-05-10
b26dbd4f-be61-4a5e-aa3c-7a8e150469c4,SUP-0010,Closed,2026-04-18,LOC-PLANT-001,52000,USD,2026-04-20,2026-04-22
3aa446f6-76c3-47ec-bbca-45251154af43,SUP-0010,Closed,2026-06-18,LOC-PLANT-002,142500,USD,2026-06-19,2026-06-24
8dcfc087-7eb0-4017-aeba-71660bd4aaf6,SUP-0010,Closed,2026-07-21,LOC-PLANT-001,247750,USD,2026-07-23,2026-07-25
984b7323-ae19-4926-9698-578f25514802,SUP-0008,Closed,2026-07-08,LOC-PLANT-002,63000,USD,2026-07-10,2026-07-19
3409b2f0-20e0-4f68-ad60-605c972942b6,SUP-0010,Closed,2026-03-27,LOC-PLANT-002,104250,USD,2026-03-28,2026-04-06
8d109c1c-4ad3-4f47-8276-c36f398138a6,SUP-0001,Closed,2026-05-03,LOC-PLANT-001,100000,USD,2026-05-05,2026-05-09
3ddca8a7-65fa-4b97-8f24-3d8c0c48d882,SUP-0010,Closed,2026-04-27,LOC-PLANT-001,98500,USD,2026-04-28,2026-04-30
0901a9b0-19a0-4e93-9daa-7cb12c738a5a,SUP-0005,Closed,2026-04-02,LOC-PLANT-002,90000,USD,2026-04-04,2026-04-14
203c6e3a-7b9a-44e8-ae1a-21deda5eb82a,SUP-0005,Closed,2026-07-12,LOC-PLANT-001,188750,USD,2026-07-13,2026-07-19
ef7e7108-5387-43e2-8fd3-30aefab41114,SUP-0004,Closed,2026-04-05,LOC-PLANT-002,225000,USD,2026-04-06,2026-04-18
60bde490-0c97-470c-af71-48eadc328afe,SUP-0010,Closed,2026-06-15,LOC-PLANT-002,73500,USD,2026-06-16,2026-06-24
2b896b60-1313-4e78-a302-a3dfc5bd3839,SUP-0005,Closed,2026-04-22,LOC-PLANT-001,94500,USD,2026-04-24,2026-04-29
03c5f27a-f635-4177-94bb-68e93eba62b6,SUP-0002,Closed,2026-04-01,LOC-PLANT-002,132500,USD,2026-04-03,2026-04-08
ffa0419f-f357-4bf8-b2e2-a9f63887d328,SUP-0003,Closed,2026-08-24,LOC-PLANT-001,85750,USD,2026-08-25,2026-08-29
0f6fbde5-2969-4678-81b1-df39615376b8,SUP-0006,Closed,2026-05-22,LOC-PLANT-001,36000,USD,2026-05-24,2026-05-30
bf7dbed0-07d7-4adf-a77b-05de698a680a,SUP-0001,Closed,2026-08-25,LOC-PLANT-001,125250,USD,2026-08-26,2026-08-31
f3d1fc7c-1ca5-4856-a60c-70e753b5573a,SUP-0010,Closed,2026-05-13,LOC-PLANT-002,82000,USD,2026-05-14,2026-05-22
f74a7b4c-57be-4a3d-8e8b-d14640458bf3,SUP-0010,Closed,2026-08-14,LOC-PLANT-002,90500,USD,2026-08-16,2026-08-22
f3340883-95e4-4151-a267-10585191b782,SUP-0007,Closed,2026-03-18,LOC-PLANT-002,69000,USD,2026-03-19,2026-03-29
18736b56-46fe-4784-9bac-120f51dfc1a9,SUP-0006,Closed,2026-05-14,LOC-PLANT-001,72000,USD,2026-05-15,2026-05-24
f78558a0-df55-4217-83ae-67386f3b4c19,SUP-0006,Closed,2026-04-16,LOC-PLANT-002,82000,USD,2026-04-18,2026-04-23
f73c37e1-6306-4569-9a7e-23c61c40f82d,SUP-0002,Closed,2026-08-10,LOC-PLANT-001,84000,USD,2026-08-12,2026-08-11
1e358aaa-d474-410d-87a2-46911d8d0178,SUP-0002,Closed,2026-04-27,LOC-PLANT-001,67500,USD,2026-04-29,2026-04-28
93f1f8a2-2118-4e84-8a44-6365cabfb6cc,SUP-0006,Closed,2026-06-24,LOC-PLANT-001,173500,USD,2026-06-26,2026-07-01
c341579c-cfbf-4640-9d9f-2fc06ebd78f2,SUP-0004,Closed,2026-07-23,LOC-PLANT-002,92750,USD,2026-07-24,2026-08-02
963351e9-e447-4dac-bbd0-176c2f2a1fdd,SUP-0001,Closed,2026-05-02,LOC-PLANT-001,176250,USD,2026-05-03,2026-05-03
8df7b2c2-34be-43fa-a87d-abc8a0ad1c9c,SUP-0009,Closed,2026-07-03,LOC-PLANT-001,55250,USD,2026-07-05,2026-07-14
0ce13b8b-4478-4efb-a24e-9774ef488d6d,SUP-0002,Closed,2026-04-08,LOC-PLANT-002,46500,USD,2026-04-10,2026-04-15
2f289e53-372f-4b16-8a64-eb6375d40555,SUP-0005,Closed,2026-03-06,LOC-PLANT-001,26250,USD,2026-03-07,2026-03-13
6213bd83-e2f9-4f4f-b8c7-2c3bfb4c51f1,SUP-0002,Closed,2026-03-30,LOC-PLANT-001,96750,USD,2026-03-31,2026-04-05
5e92776e-e78b-4975-9295-02da3150907c,SUP-0001,Closed,2026-07-24,LOC-PLANT-002,83000,USD,2026-07-26,2026-07-28
b59a08b9-c142-47f3-a684-82281f3f9a54,SUP-0001,Closed,2026-05-21,LOC-PLANT-001,133000,USD,2026-05-23,2026-05-23
7308940e-ce9e-4f1b-be4e-9f1b9a898f29,SUP-0007,Closed,2026-05-12,LOC-PLANT-001,86000,USD,2026-05-14,2026-05-18
99c670a1-0915-4be0-bb75-607815cfe5f6,SUP-0009,Closed,2026-07-06,LOC-PLANT-002,102750,USD,2026-07-08,2026-07-17
66f3ad22-8bcc-410e-978b-0c882bd2ebda,SUP-0009,Closed,2026-03-31,LOC-PLANT-002,26250,USD,2026-04-01,2026-04-11
9128f74f-b8db-4048-ac43-c6583815698f,SUP-0006,Closed,2026-07-01,LOC-PLANT-001,68750,USD,2026-07-03,2026-07-08
108a4e51-273d-4d0c-8f95-fce63f4f6d74,SUP-0005,Closed,2026-03-21,LOC-PLANT-001,82000,USD,2026-03-22,2026-03-27
81ade6ef-305d-4025-9e27-9f12b8e8a523,SUP-0006,Closed,2026-07-25,LOC-PLANT-001,144500,USD,2026-07-27,2026-07-30
a3ed8907-b250-4bed-82d6-8ac03ec735ff,SUP-0006,Closed,2026-03-12,LOC-PLANT-001,17500,USD,2026-03-13,2026-03-21
bf3b4331-7494-4e87-8745-53b4d8975428,SUP-0008,Closed,2026-05-04,LOC-PLANT-002,112000,USD,2026-05-05,2026-05-14
2bf5da60-93f7-48bb-82c6-c742e7c60f18,SUP-0004,Closed,2026-07-20,LOC-PLANT-001,76750,USD,2026-07-21,2026-07-25
013a2e6e-677b-4bc6-aa48-c5016c7c396a,SUP-0002,Closed,2026-03-23,LOC-PLANT-002,22500,USD,2026-03-24,2026-04-01
5abbef68-68f8-4601-b9ae-5e02b9eef384,SUP-0009,Closed,2026-06-18,LOC-PLANT-002,142500,USD,2026-06-20,2026-06-30
11a6b018-df42-4d2c-8ef4-4d9934c98a95,SUP-0002,Closed,2026-05-28,LOC-PLANT-002,166000,USD,2026-05-29,2026-06-02
8428aa8b-fff2-4beb-9c0b-bca196d91092,SUP-0003,Closed,2026-03-23,LOC-PLANT-001,57750,USD,2026-03-25,2026-03-25
245f6679-0f23-42fb-b47b-ed8a4931770b,SUP-0009,Closed,2026-07-23,LOC-PLANT-002,93500,USD,2026-07-24,2026-08-02
b4e409ac-570c-4222-9c23-1ee92b686074,SUP-0006,Closed,2026-04-18,LOC-PLANT-001,120000,USD,2026-04-20,2026-04-27
d602d35d-6b1e-42fe-aa32-de3c311ccb1e,SUP-0004,Closed,2026-03-21,LOC-PLANT-001,96250,USD,2026-03-22,2026-03-25
ddf883b2-b4db-4a3f-aaf1-80bd318c6204,SUP-0010,Closed,2026-04-23,LOC-PLANT-001,198250,USD,2026-04-25,2026-04-26
9d1e801d-4996-4f88-99a1-56efec4a2dc2,SUP-0001,Closed,2026-06-06,LOC-PLANT-002,162750,USD,2026-06-08,2026-06-17
4e6129d4-9a47-4144-b36f-6665fdeb636b,SUP-0002,Closed,2026-05-27,LOC-PLANT-002,18000,USD,2026-05-29,2026-06-05
c28f3ac4-fc02-411e-b4ae-24f4728adc39,SUP-0001,Closed,2026-07-27,LOC-PLANT-001,69000,USD,2026-07-28,2026-07-30
5c8c0271-c243-405f-a7f6-83946d933409,SUP-0009,Closed,2026-08-16,LOC-PLANT-002,146000,USD,2026-08-18,2026-08-26
129f683c-e1b8-44a3-a5d6-b036bc91656a,SUP-0002,Closed,2026-03-23,LOC-PLANT-002,24000,USD,2026-03-25,2026-03-30
155c09a8-707d-43d0-ad7d-4f4d9d43162f,SUP-0001,Closed,2026-07-28,LOC-PLANT-002,137750,USD,2026-07-29,2026-07-30
d07b8fe1-10bf-48ff-9be7-ffe02f09613a,SUP-0004,Closed,2026-08-11,LOC-PLANT-001,96000,USD,2026-08-13,2026-08-20
5c43597f-d08c-4046-bffb-012c1fc852ad,SUP-0010,Closed,2026-05-05,LOC-PLANT-002,45000,USD,2026-05-06,2026-05-13
73f2df05-0ffa-49d7-bb3d-4153f5e99005,SUP-0006,Closed,2026-05-07,LOC-PLANT-001,43250,USD,2026-05-09,2026-05-16
e4b3aeea-3f93-4e1e-a6df-792e5952b9d2,SUP-0004,Closed,2026-05-20,LOC-PLANT-002,136250,USD,2026-05-22,2026-05-29
31e0e768-8e17-4618-9e19-b4103f24860a,SUP-0001,Closed,2026-04-07,LOC-PLANT-001,16000,USD,2026-04-08,2026-04-13
69f7df8f-11d3-4769-9679-5e4a253997f6,SUP-0007,Closed,2026-07-19,LOC-PLANT-002,68000,USD,2026-07-21,2026-07-27
9aa39463-ea0b-4c75-be70-44d434d0c747,SUP-0006,Closed,2026-05-31,LOC-PLANT-001,49500,USD,2026-06-01,2026-06-06
7067e651-9dd8-4058-8033-b1103c300610,SUP-0009,Closed,2026-04-28,LOC-PLANT-002,9000,USD,2026-04-29,2026-05-07
413f7fc3-7425-48f3-ba56-16925710978f,SUP-0005,Closed,2026-08-05,LOC-PLANT-002,41750,USD,2026-08-06,2026-08-09
a4fa237c-30cf-4b02-b827-eb2721ed429b,SUP-0005,Closed,2026-06-02,LOC-PLANT-002,70000,USD,2026-06-04,2026-06-12
75da2691-2e46-44ea-9139-ae2e1f8b9bd8,SUP-0001,Closed,2026-03-25,LOC-PLANT-002,69000,USD,2026-03-26,2026-03-30
f12d2716-6df7-461b-a2a4-796e10170b66,SUP-0005,Closed,2026-04-02,LOC-PLANT-001,37500,USD,2026-04-04,2026-04-07
46adc0a0-ab46-49ab-8fdd-60e427ab958a,SUP-0005,Closed,2026-04-29,LOC-PLANT-001,50000,USD,2026-04-30,2026-05-06
532d121a-0d62-41a0-a98e-023f82a52c5e,SUP-0006,Closed,2026-03-19,LOC-PLANT-002,225000,USD,2026-03-20,2026-03-27
09371a8a-ac9a-43eb-b795-d1ae2c30b2bd,SUP-0006,Closed,2026-03-22,LOC-PLANT-002,82750,USD,2026-03-24,2026-03-31
55d71ca7-7f51-4d68-b8c2-2725932e9a46,SUP-0006,Closed,2026-06-14,LOC-PLANT-001,107000,USD,2026-06-15,2026-06-18
f167a3e5-5afe-417b-beee-7f293d349320,SUP-0006,Closed,2026-05-31,LOC-PLANT-002,66750,USD,2026-06-02,2026-06-09
dab32e16-fca9-4141-a732-66caf1259657,SUP-0003,Closed,2026-05-18,LOC-PLANT-001,23000,USD,2026-05-20,2026-05-28
197ad217-0d88-4d59-9219-4084a254392d,SUP-0008,Closed,2026-03-04,LOC-PLANT-001,27000,USD,2026-03-06,2026-03-10
7359ab86-ce1c-4ffa-80c1-6e13390d136c,SUP-0007,Closed,2026-06-22,LOC-PLANT-002,74250,USD,2026-06-24,2026-07-03
0210807d-d10d-499c-b697-68be4effbd0c,SUP-0009,Closed,2026-07-01,LOC-PLANT-001,60000,USD,2026-07-02,2026-07-11
40faaa6a-5dcb-4b7e-8153-807552b5ee8f,SUP-0010,Closed,2026-04-29,LOC-PLANT-002,168500,USD,2026-05-01,2026-05-10
da6d1a29-8e8f-4b3a-986e-6e66417fd22b,SUP-0008,Closed,2026-05-01,LOC-PLANT-002,59750,USD,2026-05-02,2026-05-10
dcd7a523-d4d7-4e8a-9a30-7265d3ddc23f,SUP-0001,Closed,2026-03-09,LOC-PLANT-001,119250,USD,2026-03-11,2026-03-16
b8f04e5a-4705-4da8-aae4-5159e168c956,SUP-0001,Closed,2026-05-09,LOC-PLANT-002,22500,USD,2026-05-10,2026-05-13
54519579-fff0-4508-9608-f80b3557db31,SUP-0010,Closed,2026-04-19,LOC-PLANT-002,28000,USD,2026-04-21,2026-04-27
5705a716-095f-4947-8a08-00a5f844db9d,SUP-0010,Closed,2026-06-03,LOC-PLANT-001,66000,USD,2026-06-04,2026-06-04
cf7526a3-b12d-4eb7-94bc-f37267f3289a,SUP-0004,Closed,2026-07-11,LOC-PLANT-001,60750,USD,2026-07-12,2026-07-14
97e9ca01-4173-4e0c-bc41-9d1c8086b993,SUP-0001,Closed,2026-06-24,LOC-PLANT-002,160750,USD,2026-06-26,2026-07-01
0c2522ff-353f-4928-9d86-1c46e823c9e2,SUP-0005,Closed,2026-03-30,LOC-PLANT-001,72000,USD,2026-03-31,2026-04-07
9fdcfb5e-ec5e-419d-81ab-558e0ebd17e5,SUP-0005,Closed,2026-08-26,LOC-PLANT-001,73000,USD,2026-08-27,2026-08-28
8ed94491-0b8b-4526-acc3-1b1b354ff94d,SUP-0008,Closed,2026-05-21,LOC-PLANT-002,111000,USD,2026-05-23,2026-05-29
a8f921d8-5255-4607-8635-a3331eae5c99,SUP-0008,Closed,2026-07-31,LOC-PLANT-001,50000,USD,2026-08-01,2026-08-07
de685b4a-431e-45d5-a80e-904850a5581c,SUP-0009,Closed,2026-07-17,LOC-PLANT-002,143750,USD,2026-07-19,2026-07-29
117b1676-4b21-4164-ba45-9c887740a03a,SUP-0007,Closed,2026-06-19,LOC-PLANT-001,23500,USD,2026-06-21,2026-06-27
91649517-5295-47ac-8a0a-15e3b1a49784,SUP-0007,Closed,2026-08-17,LOC-PLANT-002,76500,USD,2026-08-18,2026-08-30
92905edf-f428-4249-84d7-0dbf04d2f749,SUP-0003,Closed,2026-03-22,LOC-PLANT-001,134000,USD,2026-03-23,2026-03-22
8201df0e-f242-460e-83f8-e26e615bb0f8,SUP-0010,Closed,2026-03-30,LOC-PLANT-002,36250,USD,2026-04-01,2026-04-06
2dc6b931-5984-4ac9-8a1d-0c0f7f78059b,SUP-0005,Closed,2026-07-29,LOC-PLANT-002,36000,USD,2026-07-30,2026-08-03
be42fcc0-3fa1-466d-8967-702dc821a457,SUP-0005,Closed,2026-05-18,LOC-PLANT-002,122000,USD,2026-05-20,2026-05-25
b91826d5-19a3-4053-bde2-df773c835f63,SUP-0009,Closed,2026-06-08,LOC-PLANT-001,148500,USD,2026-06-09,2026-06-19